-- MySQL dump 10.13  Distrib 8.0.38, for Win64 (x86_64)
--
-- Host: 127.0.0.1    Database: trailerflix
-- ------------------------------------------------------
-- Server version	8.0.39

/*!40101 SET @OLD_CHARACTER_SET_CLIENT=@@CHARACTER_SET_CLIENT */;
/*!40101 SET @OLD_CHARACTER_SET_RESULTS=@@CHARACTER_SET_RESULTS */;
/*!40101 SET @OLD_COLLATION_CONNECTION=@@COLLATION_CONNECTION */;
/*!50503 SET NAMES utf8 */;
/*!40103 SET @OLD_TIME_ZONE=@@TIME_ZONE */;
/*!40103 SET TIME_ZONE='+00:00' */;
/*!40014 SET @OLD_UNIQUE_CHECKS=@@UNIQUE_CHECKS, UNIQUE_CHECKS=0 */;
/*!40014 SET @OLD_FOREIGN_KEY_CHECKS=@@FOREIGN_KEY_CHECKS, FOREIGN_KEY_CHECKS=0 */;
/*!40101 SET @OLD_SQL_MODE=@@SQL_MODE, SQL_MODE='NO_AUTO_VALUE_ON_ZERO' */;
/*!40111 SET @OLD_SQL_NOTES=@@SQL_NOTES, SQL_NOTES=0 */;

--
-- Table structure for table `actores`
--

DROP TABLE IF EXISTS `actores`;
/*!40101 SET @saved_cs_client     = @@character_set_client */;
/*!50503 SET character_set_client = utf8mb4 */;
CREATE TABLE `actores` (
  `id` bigint NOT NULL AUTO_INCREMENT,
  `nombre` varchar(100) NOT NULL,
  PRIMARY KEY (`id`)
) ENGINE=InnoDB AUTO_INCREMENT=840 DEFAULT CHARSET=utf8mb3;
/*!40101 SET character_set_client = @saved_cs_client */;

--
-- Dumping data for table `actores`
--

LOCK TABLES `actores` WRITE;
/*!40000 ALTER TABLE `actores` DISABLE KEYS */;
INSERT INTO `actores` VALUES (1,'Thusitha Jayasumdera'),(2,'Michael Keaton'),(3,'Gal Gadot'),(4,'Karen Allen'),(5,'Devin Ratray'),(6,'Kate Mara'),(7,'Haruka Kuroda Camiel Warren-Taylor'),(8,'Amybeth McNulty'),(9,'Scott Eastwood'),(10,'Noah Wyle'),(11,'Carlo Sabatini'),(12,'Carmela Zumbado'),(13,'Anthony Mackie'),(14,'Kristoffer Polaha'),(15,'Gugu Mbatha-Raw'),(16,'Elisabeth Hopper'),(17,'Mark Ruffalo'),(18,'Liev Schreiber'),(19,'Cherry Jones'),(20,'Danielle Panabaker'),(21,'Etienne Chicot'),(22,'Harrison Gilbertson'),(23,'Tom Braidwood'),(24,'Kerry Bishé'),(25,'Angus T. Jones'),(26,'Andre Braugher'),(27,'Hiroyuki Sanada'),(28,'Kate Winslet'),(29,'Will Yun Lee'),(30,'Nick Jonas'),(31,'David Ajala'),(32,'Caitriona Balfe'),(33,'Florence Pugh'),(34,'Armie Hammer'),(35,'Jason Miller'),(36,'Dick Van Dyke'),(37,'Robert De Niro'),(38,'Stacy Martin'),(39,'Josh Gad'),(40,'Octavia Spencer'),(41,'Chad Randall'),(42,'Chadwick Boseman'),(43,'Enrique Arce'),(44,'Rainn Wilson'),(45,'Melissa Rauch'),(46,'Joaquin Phoenix'),(47,'Grant Gustin'),(48,'Tyler Labine'),(49,'Ving Rhames'),(50,'Bruno Amato'),(51,'Anna Kendrick'),(52,'Orto Ignatiussen'),(53,'Heaton'),(54,'Gabriel Basso'),(55,'Thomas M. Wright'),(56,'Emily Berrington'),(57,'Jimi Mistry'),(58,'Nick Bartlett'),(59,'Alexander England'),(60,'Izabella Alvarez'),(61,'Jesse Plemons'),(62,'Tom Hopper'),(63,'Moses Ingram'),(64,'Daniel Dae Kim'),(65,'David Thewlis'),(66,'Amy Warren'),(67,'Aurora Perrineau'),(68,'Nick Chinlund'),(69,'Jogn Goodman'),(70,'Martin Casella'),(71,'Rhona Mitra'),(72,'Jonathan Aris'),(73,'Jude Law'),(74,'Jason Clarke'),(75,'Álvaro Morte'),(76,'Danny Glover'),(77,'Seamus Davey-Fitzpatrick'),(78,'Marin Hinkle'),(79,'Chris Bartlett'),(80,'Shea Whigham'),(81,'Bill Hader'),(82,'Charles Dance'),(83,'Matt Smith'),(84,'Gemma Zamprogna'),(85,'Winona Ryder'),(86,'Henry Czerny'),(87,'Claire Keelan'),(88,'Noah Emmerich'),(89,'Omar Epps'),(90,'Jennifer Aniston'),(91,'Jeff Daniels'),(92,'Radhika Chaudhari'),(93,'Ryan Robbins'),(94,'Susan Blommaert'),(95,'Patrick Wilson'),(96,'Annaleigh Ashford'),(97,'Chosen Jacobs'),(98,'Conchata Ferrel'),(99,'John Lebar'),(100,'Paul Newman'),(101,'Jaime Lorente'),(102,'Lisa Kudrow'),(103,'Scoot McNairy'),(104,'Harry Lloyd'),(105,'Paige Spara'),(106,'John DiMaggio'),(107,'Mahershala Ali'),(108,'Dimitri Diatchenko'),(109,'Katherine Parkinson'),(110,'Ron Yuan'),(111,'Brian Baumgartner'),(112,'Charlie Cox'),(113,'Chloe Pirrie'),(114,'Evan Rachel Wood'),(115,'Alastair Mackenzie'),(116,'Bella Dayne'),(117,'Pedro Pascal'),(118,'John Lithgow'),(119,'Salli Richardson-Whitfield'),(120,'Kristin Brock'),(121,'Nicole Sullivan Christopher Knights'),(122,'Joseph Mazzello'),(123,'Adeel Akhtar'),(124,'Fiona Gubelmann'),(125,'Ian McKellen'),(126,'Catherine Curtin'),(127,'Jurnee Smollett'),(128,'Connie Nielsen'),(129,'Felicity Jones'),(130,'Nick Robinson'),(131,'Holland Taylor'),(132,'Seth Lee'),(133,'Tom Prior'),(134,'Vincent D\'Onofrio'),(135,'Kate Walsh'),(136,'Natalie Imbruglia'),(137,'Sophia Lillis'),(138,'Vince Vaughn'),(139,'Kerrie Hayes'),(140,'Jola Bokinni'),(141,'Elle Fanning'),(142,'Angel Giuffria'),(143,'Jerome Flynn'),(144,'Sean Buxton'),(145,'Geraldine Viswanathan'),(146,'David Castañeda'),(147,'Sophie Turner'),(148,'Babs Olusanmokun'),(149,'Demetri Goritsas'),(150,'Misha Kuznetsov'),(151,'Heather O\'Rourke'),(152,'Mike Myers'),(153,'Miranda Cosgrove'),(154,'Steve Carell'),(155,'Michael B. Jordan'),(156,'Claire Selby'),(157,'Willow Smith'),(158,'Dominic Cooper'),(159,'Camila Mendes'),(160,'Parvesh Ceena'),(161,'Lukas Haas'),(162,'Kerri Green'),(163,'Lucas Jade Zumann'),(164,'Luke Hemsworth'),(165,'Claire Fox'),(166,'Janina Elkin'),(167,'Jim Broadbent'),(168,'Keira Knightley'),(169,'Bill Cobbs'),(170,'Curtis Armstrong'),(171,'Michael Kelly'),(172,'Kerry Washington'),(173,'Helena Bonham Carter'),(174,'Riley Griffiths'),(175,'Anya Taylor-Joy'),(176,'Barton Heyman'),(177,'Martha Plimpton'),(178,'Christina Chang'),(179,'Bruce Harwood'),(180,'Tim Woodward'),(181,'Lee Wilkof'),(182,'Hill Harper'),(183,'Tygh Runyan'),(184,'Chelsea Moody'),(185,'Tom McGrath Danny Jacobs'),(186,'Jim Parsons'),(187,'Indira Ainger'),(188,'Max vox Sydow'),(189,'Hillary Wolf'),(190,'Kate Flannery'),(191,'Sarah Abbott'),(192,'Dan Hedaya'),(193,'David Thewils'),(194,'John Malkovich'),(195,'Courteney Cox'),(196,'Chris Miller'),(197,'Aasif Mandvi'),(198,'Dylan O\'Brien'),(199,'Chris Hemsworth'),(200,'Tony Shalhoub'),(201,'Dwayne Johnson'),(202,'Mia Farrow'),(203,'Pippa Black'),(204,'Jason Momoa'),(205,'Julee Cerda'),(206,'Rashida Jones'),(207,'Jesse Eisenberg'),(208,'Guy Pearce'),(209,'Logan Marshall-Green'),(210,'Simon Helberg'),(211,'Kit Harington'),(212,'Daniel Stern'),(213,'Ryan Lee'),(214,'Corey Johnson'),(215,'Esther Acebo'),(216,'Ramón Rodríguez'),(217,'Daniel Kaluuya'),(218,'Callie Hernandez'),(219,'Tess Haubrich'),(220,'Jogn Hawkes'),(221,'Wayne Pére'),(222,'Angus Macfadyen'),(223,'James McAvoy'),(224,'Guy Pierce'),(225,'Billy Griffin Jr.'),(226,'Joe Tippett'),(227,'Misty Rosas'),(228,'Erica Frene'),(229,'Jonathan Ke Quan'),(230,'Malin Åkerman'),(231,'Janelle Monáe'),(232,'Olga Dihovichnaya'),(233,'Jerremy Shamos'),(234,'Mike White'),(235,'Javier Botet'),(236,'Matt Letscher'),(237,'Ivanno Jeremiah'),(238,'Noah Jupe'),(239,'Vincent Piazza'),(240,'Andrew Garfield'),(241,'Toma Bateman'),(242,'Xander Berkeley'),(243,'Regina King'),(244,'Kevin Layne'),(245,'Marion Cotillard'),(246,'Ingeborga Dapkünaitè'),(247,'Peter Dinklage'),(248,'Denise Crosby'),(249,'Sheila Shaw'),(250,'Jackson Bews'),(251,'Elizabeth Debicki'),(252,'Simon Russell Beale'),(253,'Russell Crowe'),(254,'Paul Popplewell'),(255,'Kitty Winn'),(256,'George Carlin'),(257,'Gwilym Lee'),(258,'Tate Donovan'),(259,'Owen Wilson'),(260,'Dennis Keiffer'),(261,'Jeff Mash Patrick Kennedy'),(262,'Kate Hudson'),(263,'Danai Gurira'),(264,'Eddie Redmayne'),(265,'Antonia Thomas'),(266,'Justice Smith'),(267,'Mary J. Blige'),(268,'Burn Gorman'),(269,'Ewan McGregor'),(270,'AJ Michalka'),(271,'Sean Bean'),(272,'Laurence Fishburne'),(273,'Michael C. Maronna'),(274,'Rafe Spall'),(275,'Stephanie Kurtzuba'),(276,'Wayne Knight'),(277,'Letitia Wright'),(278,'Clint Dyer'),(279,'Aaron Paul'),(280,'Dermot Mulroney'),(281,'Andy Umberger'),(282,'Jenna Fischer'),(283,'Stephen Spinella'),(284,'Ben Miller'),(285,'Gillian Anderson'),(286,'Tyler Howitt'),(287,'Sean Astin'),(288,'Adam Nagaitis'),(289,'Geena Davis'),(290,'Elliot Page'),(291,'Tobit Raphael'),(292,'Vanesa Kirby'),(293,'Tobias Menzies'),(294,'Zazie Beetz'),(295,'David Duchovny'),(296,'Lee Pace'),(297,'Simon McBurney'),(298,'Ariana Neal'),(299,'John Hurt'),(300,'Dana Ivey'),(301,'Miguel Herrán'),(302,'Dominic Mafham'),(303,'Jake Presley'),(304,'Chris Pratt'),(305,'Judy Greer'),(306,'Wyatt Oleff'),(307,'Joe Pesci'),(308,'James Weber Brown'),(309,'Jimmy Workman'),(310,'Tom Hanks'),(311,'Steve Nicolson'),(312,'Lucy Hutchinson'),(313,'Jack MacGowran'),(314,'Diedrich Bader'),(315,'Ariane Labed'),(316,'Rooney Mara'),(317,'Danny DeVito'),(318,'Alison Wright'),(319,'Julianne Nicholson'),(320,'Angela Kinsey'),(321,'James Lance'),(322,'Christian Bale'),(323,'Susannah Fielding'),(324,'Miley Cyrus'),(325,'Joakim Skarli'),(326,'Scarlett Johansson'),(327,'Anthony Hopkins'),(328,'Amy Manson'),(329,'Sope Dirisu'),(330,'Colin Morgan'),(331,'Jussie Smollett'),(332,'Paul Bettany'),(333,'Theo Stevenson'),(334,'Ray Abruzzo'),(335,'Lena Headey'),(336,'Anthony Michael'),(337,'Steve Coogan'),(338,'Emily Bayiokos'),(339,'Génesis Rodríguez'),(340,'Madelaine Petsch'),(341,'Amy Beth Hayes'),(342,'Sarah Snook'),(343,'Russell Brand'),(344,'Sedona Legge'),(345,'Caleb McLaughlin'),(346,'Billy Crudup'),(347,'Lucy Carless'),(348,'C.J. Sanders'),(349,'Daniella Pineda'),(350,'Adam Goldberg'),(351,'Lili Reinhart'),(352,'Matthew Perry'),(353,'Toni Collette'),(354,'Chris Messina'),(355,'Daeg Faerch'),(356,'Clifton Collins Jr.'),(357,'Danny Webb'),(358,'Aneurin Barnard'),(359,'Michael McManus'),(360,'Sam Worthington'),(361,'Ashton Kutcher'),(362,'Henry Cavill'),(363,'Claire Foy'),(364,'Amy Seimetz'),(365,'Igor Jijikine'),(366,'Audrey Tautou'),(367,'Morgan Turner'),(368,'J.G. Hertzler'),(369,'Richard Schiff'),(370,'Leonardo Nam'),(371,'Matthew Modine'),(372,'Tim Robbins'),(373,'Kiran Sonia Sawar'),(374,'Colin Farrell'),(375,'Victor Garber'),(376,'Harry Melling'),(377,'Ellen Burstyn'),(378,'Itziar Ituño'),(379,'Sharon Warren'),(380,'Sinéad Matthews'),(381,'Zoey Deschanel'),(382,'Raúl Juliá'),(383,'Paul Ritter'),(384,'Anne Hathaway'),(385,'Millie Bobby Brown'),(386,'Ahston Kutcher'),(387,'Marisol Nichols'),(388,'Shane Hartline'),(389,'Joey Slotnick'),(390,'Jürgen Prochnow'),(391,'Ezra Miller'),(392,'Jack Dylan'),(393,'Pedro Alonso'),(394,'Ben Affleck'),(395,'Christina Ricci'),(396,'Emily Watson'),(397,'Phoebe Fox'),(398,'Patrick Fugit'),(399,'Paul Lawrence Kitson'),(400,'Anna Paquin'),(401,'Gragam Linehan'),(402,'Enver Gjokaj'),(403,'Danny McBride'),(404,'Will Forte'),(405,'William O\'Malley'),(406,'Alicia Vikander'),(407,'Josh Brolin'),(408,'Charlie Sheen'),(409,'Jay Ryan'),(410,'Mitch Pileggi'),(411,'Julianne Hough'),(412,'Mädchen Amick'),(413,'Ser\'Darius Blain'),(414,'Jogn matuszak'),(415,'Michael Lombard'),(416,'Dalila Bela'),(417,'Mara Clark'),(418,'Alex Lawther'),(419,'Leslie David Baker'),(420,'Ruth Bradley'),(421,'Ryan Phillippe'),(422,'Catherine O\'Hara'),(423,'Toby Jones'),(424,'Susannah Doyle'),(425,'Lydia Wilson'),(426,'Gwyneth Paltrow'),(427,'Jeremy Ray'),(428,'Jake Davies'),(429,'Jeffrey Tambor'),(430,'Eli Roth'),(431,'Glen Powell'),(432,'Chris O\'Dowd'),(433,'Colin Hanks'),(434,'Pete Postlethwaite'),(435,'Craig T. Nelson'),(436,'Vanessa Redgrave'),(437,'Rio Hackford'),(438,'Peter Serafinowicz'),(439,'Joan Cusack'),(440,'Amr Waked'),(441,'Candice Patton'),(442,'Paul Giamatti'),(443,'Vincent Cassel'),(444,'Will Ferrell'),(445,'Ron Eldard'),(446,'Pixie Daves'),(447,'Awkwafina'),(448,'Predrag Bjelac'),(449,'Bryce Dallas Howard'),(450,'David Schwimmer'),(451,'Robert Davi'),(452,'Cailee Spaeny'),(453,'Benefict Wong'),(454,'Claire Forlani'),(455,'Jason Lee'),(456,'Jon Cryer'),(457,'Gary Anthony Williams'),(458,'Guy Williams'),(459,'Don Thompson'),(460,'Adam Cozens'),(461,'Amy Adams'),(462,'Rebekah Staton'),(463,'Katherine Waterston'),(464,'Elizabeth Wilson'),(465,'Alice Braga'),(466,'Christian Berkel'),(467,'Clifton Powell'),(468,'Ben Stiller'),(469,'Neil Maskell'),(470,'Olivia Wilde'),(471,'Robert Sheehan'),(472,'Ashely Thomas'),(473,'Carrie-Anne Moss'),(474,'Rizwan Manji'),(475,'Kadiff Kirwan'),(476,'Bill Skarsgård'),(477,'Roberts Blossom'),(478,'Casey Cott'),(479,'Kathrine Narducci'),(480,'Sam Claflin'),(481,'Dash Mihok'),(482,'Ned Bellamy'),(483,'John Douglas Thompson'),(484,'Bobby Cannavale'),(485,'Clive StandenNaoko Mori'),(486,'Kid Cudi'),(487,'Tom Cavanagh'),(488,'Rhashan Stone'),(489,'Fairuzza Balk'),(490,'Rafael Casal'),(491,'Armie Hammer Alicia Vikander'),(492,'Alba Flores'),(493,'Hugh Jackman'),(494,'Rami Malek'),(495,'Alana Cavanaugh'),(496,'Tom Cruise'),(497,'Sean Harris'),(498,'Michael Angarano'),(499,'Ricky Gervais'),(500,'Jon Voight'),(501,'Rachael Leigh Cook'),(502,'Will Smith'),(503,'John Goodman'),(504,'Cameron Mann'),(505,'Josh Lucas'),(506,'Georgina Campbell'),(507,'Theo James'),(508,'Peter Ferdinando'),(509,'Ryan Reynolds'),(510,'Robert Patrick'),(511,'Geraldine Chaplin'),(512,'Joe Keery'),(513,'Kamontip Krissy Ashton'),(514,'Miko Hughes'),(515,'Lewis Macleod'),(516,'Dianne Wiest'),(517,'Luca Calvani'),(518,'Ingrid Bolsø Berdal'),(519,'Jessica Chastain'),(520,'Isabella Sermon'),(521,'Irrfan Khan'),(522,'Melanie Lynskey'),(523,'Harrison Ford'),(524,'John Gertz'),(525,'Talulah Riley'),(526,'David Denman'),(527,'Suzzane Douglas'),(528,'Ryan Gosling'),(529,'Rachel Weisz'),(530,'B.J. Novak'),(531,'Martin Freeman'),(532,'Portia Doubleday'),(533,'Robin Wright'),(534,'Guru Singh'),(535,'Vladimir Furdik'),(536,'Will Tudor'),(537,'Maxine Peake'),(538,'Jalil Jay Lynch'),(539,'Jennifer Bini Taylor'),(540,'Sonoya Mizuno'),(541,'Julia Davis'),(542,'Ian Bonar'),(543,'Alex Wolff'),(544,'Carlos Valdes'),(545,'Mark Strong'),(546,'Nikolaj Coster-Waldau'),(547,'Simon Quarterman'),(548,'Michael Sheen'),(549,'Noel Fielding'),(550,'Tom Binns'),(551,'Justin Timberlake'),(552,'Rosie Perez'),(553,'Lia Williams'),(554,'Hannah John-Kamen'),(555,'Frances McDormand'),(556,'Kyle Chandler'),(557,'Kate McGregor-Stewart'),(558,'Nicholas Hamilton'),(559,'Jennifer Connelly'),(560,'Brad Greenquist'),(561,'Christopher Lloyd'),(562,'Ray Winstone'),(563,'Bokeem Woodbine'),(564,'Corey Feldman'),(565,'Emma Thompson'),(566,'Imogen Poots'),(567,'Tiya Sircar'),(568,'Daniel Lapaine'),(569,'Benedict Wong'),(570,'Tom Goodman-Hill'),(571,'Eugene O\'Hare'),(572,'José Manuel Trujillo Salas'),(573,'Emut Elliott'),(574,'James Martin Kelly'),(575,'Ray Romano'),(576,'Jessica Szohr'),(577,'Ed Harris'),(578,'Matt Berry'),(579,'Chetna Pandya'),(580,'Macaulay Culkin'),(581,'Larry the Cable Guy'),(582,'Isaiah Mustafa'),(583,'Marianna Di Martino'),(584,'Phaldut Sharma'),(585,'Hari Dhillon'),(586,'Natalia Dyer'),(587,'Oliver Robins'),(588,'Luke Allen-Gale'),(589,'Roger Corman'),(590,'Charlie'),(591,'Tasha de Vasconcelos'),(592,'Frances Conroy'),(593,'Simona Brown'),(594,'Ray Fisher'),(595,'Harry Lennix'),(596,'Shamier Anderson'),(597,'Beatrice Straight'),(598,'Olivia Colman'),(599,'Corrine Koslo'),(600,'Robin Williams'),(601,'Sacha Dhawan'),(602,'Johnny Galecki'),(603,'Jonas Karlsson'),(604,'Rodrigo Santoro'),(605,'Airyon Bakare'),(606,'John Heard'),(607,'Annabel Davis'),(608,'Andy García'),(609,'Gemma Chan'),(610,'Emmanuelle Béart'),(611,'Linda Blair'),(612,'Judd Hirsch'),(613,'Robert Aramayo'),(614,'Mindy Kaling'),(615,'Mia Goth'),(616,'Nathaniel Dean'),(617,'Carla Gugino'),(618,'Lorina Kamburova'),(619,'Ted Levine'),(620,'Matthew Beard'),(621,'Richard Ayoade'),(622,'Blaze Berdahl'),(623,'Nicole Beharie'),(624,'Kim Raver'),(625,'Lupita Nyong\'o'),(626,'Diego Boneta'),(627,'Angelo Josue Lozano Corzo'),(628,'Oscar Isaac'),(629,'Jennifer Ehle'),(630,'Kunal Nayyar'),(631,'Sosie Bacon'),(632,'Michaela Coel'),(633,'Andrew Crawford'),(634,'Chris Evans'),(635,'Emilia Clarke'),(636,'Tait Fletcher'),(637,'Jared Harris'),(638,'David Harbour'),(639,'Tom Hollander'),(640,'Jessie Buckley'),(641,'Janelle Bailley'),(642,'Bill Paxton'),(643,'Jeremy Irons'),(644,'Mizuo Peck'),(645,'BD Wong'),(646,'Amber Tamblyn'),(647,'Dakota Johnson'),(648,'Noomi Rapace'),(649,'Cate Blanchett'),(650,'Michael Wallis'),(651,'Jennifer Lawrence'),(652,'Gana Bayarsaikhan'),(653,'Kate Dickie'),(654,'Brenda Song'),(655,'Jack Black'),(656,'Matt LeBlanc'),(657,'Eric André'),(658,'Jake Gyllenhaal'),(659,'Jesse L. Martin'),(660,'Tuppence Middleton'),(661,'Harvey Guillén'),(662,'John Boyega'),(663,'Anjelica Huston'),(664,'Andy Richter'),(665,'Terence Harvey'),(666,'Dale Midkiff'),(667,'C.C. Smiff'),(668,'Blake Lively'),(669,'Martin Henderson'),(670,'Jaeden Martell'),(671,'Mason Guccione'),(672,'Jean Smart'),(673,'Alan Arkin'),(674,'Freddie Highmore'),(675,'Rinko Kikuchi'),(676,'Jake Gyllenhaal Rebecca Ferguson'),(677,'Faye Marsay'),(678,'R. H. Thomson'),(679,'Ian Whyte'),(680,'Jorja Fox'),(681,'Richard Rountree'),(682,'Scott Hunter'),(683,'Alfred Molina'),(684,'Chris Pine'),(685,'Gaten Matarazzo'),(686,'Taraji P. Henson'),(687,'Karen Ceesay'),(688,'Kevin Costner'),(689,'Ioan Gruffudd'),(690,'Corey Stoll'),(691,'Aldis Hodge'),(692,'Allison Janney'),(693,'Madeline Brewer'),(694,'Úrsula Corberó'),(695,'Vanessa Kirby'),(696,'Idris Elba'),(697,'Charlize Theron'),(698,'Jamie Foxx'),(699,'Emmy Raver-Lampman'),(700,'Andrew Roux'),(701,'Karen Gillan'),(702,'Joel Courtney'),(703,'Chris Ellis'),(704,'Thomas Brodie-Sangster'),(705,'Mary Elizabeth Winstead'),(706,'Carmen Ejogo'),(707,'Chinasa Ogbuagu'),(708,'Adam Pascal'),(709,'Allen Leech'),(710,'Nicholas Gonzalez'),(711,'Benjamin Rigby'),(712,'Nina Bergman'),(713,'Kristen Wiig'),(714,'Jon Bernthal'),(715,'James Cromwell'),(716,'Carla Gallo'),(717,'Stellan Skarsgård'),(718,'Bonnie Hunt'),(719,'Billy Jenkins'),(720,'Tessa Thompson'),(721,'Geraldine James'),(722,'Toby Huss'),(723,'Domhnall Gleeson'),(724,'Demián Bichir'),(725,'Carel Struycken'),(726,'Fred Melamed'),(727,'Rebecca Hazlewood'),(728,'Brett Cullen'),(729,'Ben Barnes'),(730,'Pablo Calva'),(731,'Max Minghella'),(732,'Shane Steyn'),(733,'Eve Hewson'),(734,'Dominique Dunne'),(735,'Óscar Jaenada'),(736,'Kathleen Quinlan'),(737,'Naoko Mori'),(738,'Benedict Cumberbatch'),(739,'James McArdle'),(740,'Nicholas Logan'),(741,'Lesley Ann Warren'),(742,'Neal Huff'),(743,'Sylvester Groth'),(744,'Kaley Cuoco'),(745,'Spike Jonze'),(746,'John Krasinski'),(747,'Lee J. Cobb'),(748,'Clea DuVall'),(749,'Amy Huck'),(750,'Jean Reno'),(751,'Virginia Kiser'),(752,'Sandra Bullock'),(753,'Georgie Glen'),(754,'Aidan Gallagher'),(755,'Louis Partridge'),(756,'Jeff Goldblum'),(757,'James Franco'),(758,'Fred Gwynne'),(759,'O.T. Fagbenle'),(760,'JoBeth Williams'),(761,'William Hurt'),(762,'Michael Fassbender'),(763,'Shia LaBeouf'),(764,'Thushari Jayasekera'),(765,'Margot Robbie'),(766,'Shannon Woodward'),(767,'Giancarlo Esposito'),(768,'Robert Downey Jr.'),(769,'Finn Wolfhard'),(770,'Rob Riggle'),(771,'Jeff Daniel Phillips'),(772,'Matthew Goode'),(773,'Anna Wilson-Jones'),(774,'Catherine Zeta-Jones'),(775,'Common'),(776,'Rory Cochrane'),(777,'Kirsten Dunst'),(778,'Julia Stiles'),(779,'Branwell Donaghey'),(780,'Thandiwe Newton'),(781,'Madison Iseman'),(782,'Lilly Aspell'),(783,'Douglas McFerran'),(784,'Mickey Rooney'),(785,'Jake Cherry'),(786,'Uli Latukefu'),(787,'Evan Peters'),(788,'Alice Eve'),(789,'Jeffrey Wright'),(790,'Gary Sinise'),(791,'James Northcote'),(792,'Ben Hardy'),(793,'Jing Tian'),(794,'Lucy Boynton'),(795,'Josh Brener'),(796,'Benjamin Sokolow'),(797,'Greg Wise'),(798,'Cheech Marin'),(799,'Louis Herthum'),(800,'Anthony Rapp'),(801,'Rose Byrne'),(802,'Wunmi Mosaku'),(803,'Kevin Bacon'),(804,'Rory Kinnear'),(805,'Michael Peña'),(806,'Bryan Cranston'),(807,'Paul Dooley'),(808,'Sarah Silverman'),(809,'Carl Weathers'),(810,'Angourie Rice'),(811,'Rob Horrocks'),(812,'Jean-Yves Berteloot'),(813,'Omar Sy'),(814,'Mayim Bialik'),(815,'Basher Savage'),(816,'Jeremy Renner'),(817,'Jeff Cohen'),(818,'Matt Damon'),(819,'George Clooney'),(820,'Christopher Plummer'),(821,'Anisha Nagarajan'),(822,'Cynthia Addai-Robinson'),(823,'Jimmi Simpson'),(824,'Rhys Darby'),(825,'Aidan Gillen'),(826,'Sam Riley'),(827,'William B. Davis'),(828,'David Morse'),(829,'Mackenzie Davis'),(830,'Kristin Scott Thomas'),(831,'J.K. Simmons'),(832,'Hugh Grant'),(833,'Kevin Hart'),(834,'Charlie Tahan'),(835,'Alec Baldwin'),(836,'Angela Sarafyan'),(837,'Rowan Atkinson'),(838,'Rosamund Pike'),(839,'Ben Rappaport');
/*!40000 ALTER TABLE `actores` ENABLE KEYS */;
UNLOCK TABLES;

--
-- Table structure for table `categorias`
--

DROP TABLE IF EXISTS `categorias`;
/*!40101 SET @saved_cs_client     = @@character_set_client */;
/*!50503 SET character_set_client = utf8mb4 */;
CREATE TABLE `categorias` (
  `id` bigint NOT NULL AUTO_INCREMENT,
  `nombre` varchar(100) NOT NULL,
  PRIMARY KEY (`id`)
) ENGINE=InnoDB AUTO_INCREMENT=3 DEFAULT CHARSET=utf8mb3;
/*!40101 SET character_set_client = @saved_cs_client */;

--
-- Dumping data for table `categorias`
--

LOCK TABLES `categorias` WRITE;
/*!40000 ALTER TABLE `categorias` DISABLE KEYS */;
INSERT INTO `categorias` VALUES (1,'Película'),(2,'Serie');
/*!40000 ALTER TABLE `categorias` ENABLE KEYS */;
UNLOCK TABLES;

--
-- Table structure for table `contenido`
--

DROP TABLE IF EXISTS `contenido`;
/*!40101 SET @saved_cs_client     = @@character_set_client */;
/*!50503 SET character_set_client = utf8mb4 */;
CREATE TABLE `contenido` (
  `id` bigint NOT NULL AUTO_INCREMENT,
  `titulo` varchar(255) NOT NULL,
  `categoria_id` bigint NOT NULL,
  `gen` varchar(100) NOT NULL,
  `resumen` text NOT NULL,
  `temporadas` varchar(50) DEFAULT NULL,
  `duracion` varchar(50) DEFAULT NULL,
  `trailer` varchar(255) NOT NULL,
  `poster` varchar(255) NOT NULL,
  PRIMARY KEY (`id`),
  KEY `categoria_id` (`categoria_id`),
  CONSTRAINT `contenido_ibfk_1` FOREIGN KEY (`categoria_id`) REFERENCES `categorias` (`id`)
) ENGINE=InnoDB AUTO_INCREMENT=101 DEFAULT CHARSET=utf8mb3;
/*!40101 SET character_set_client = @saved_cs_client */;

--
-- Dumping data for table `contenido`
--

LOCK TABLES `contenido` WRITE;
/*!40000 ALTER TABLE `contenido` DISABLE KEYS */;
INSERT INTO `contenido` VALUES (1,'The Crown',2,'Suceso Real','Este drama narra las rivalidades políticas y el romance de la reina Isabel II, así como los sucesos que moldearon la segunda mitad del siglo XX.','4','N/A','https://www.youtube.com/embed/JWtnJjn6ng0','./posters/1.jpg'),(2,'Riverdale',2,'Drama','El paso a la edad adulta incluye sexo, romance, escuela y familia. Para Archie y sus amigos, también hay misterios oscuros.','5','N/A','https://www.youtube.com/embed/HxtLlByaYTc','./posters/2.jpg'),(3,'The Mandalorian',2,'Ciencia Ficción','Ambientada tras la caída del Imperio y antes de la aparición de la Primera Orden, la Serie sigue los pasos de un pistolero solitario en las aventuras que protagoniza en los confines de la galaxia, donde no alcanza la autoridad de la Nueva República.','2','N/A','https://www.youtube.com/embed/aOC8E8z_ifw','./posters/3.jpg'),(4,'The Umbrella Academy',2,'Ciencia Ficción','La muerte de su padre reúne a unos hermanos distanciados y con extraordinarios poderes que descubren impactantes secretos y una amenaza que se cierne sobre la humanidad.','1','N/A','https://www.youtube.com/embed/KHucKOK-Vik','./posters/4.jpg'),(5,'Gambito de Dama',2,'Drama','En los cincuenta, una joven de un orfanato descubre que tiene un increíble don para el ajedrez y recorre el arduo camino a la fama mientras lucha contra las adicciones.','1','N/A','https://www.youtube.com/embed/lbleRbyGKL4','./posters/5.jpg'),(6,'Enola Holmes',1,'Drama','La hermana menor de Sherlock, descubre que su madre ha desaparecido y se dispone a encontrarla. En su búsqueda, saca a relucir el sabueso que corre por sus venas y se encuentra con una conspiración que gira en torno a un misterioso lord, demostrando que su ilustre hermano no es el único talento en la familia.','N/A','97 minutos','https://www.youtube.com/embed/3t1g2pa355k','./posters/6.jpg'),(7,'Guasón',1,'Suspenso','Arthur Fleck (Phoenix) es un hombre ignorado por la sociedad, cuya motivación en la vida es hacer reír. Pero una Serie de trágicos acontecimientos le llevarán a ver el mundo de otra forma. Película basada en el popular personaje de DC Comics Joker, conocido como archivillano de Batman, pero que en este film tomará un cariz más realista y oscuro.','N/A','97 minutos','https://www.youtube.com/embed/zAGVQLHvwOY','./posters/7.jpg'),(8,'Avengers: End Game',1,'Ciencia Ficción','Después de los devastadores eventos de los Vengadores: Infinity War (2018), el universo está en ruinas. Con la ayuda de los aliados restantes, los Vengadores se reúnen una vez más para revertir las acciones de Thanos y restaurar el equilibrio del universo.','N/A','97 minutos','https://www.youtube.com/embed/TcMBFSGVi1c','./posters/8.jpg'),(9,'Juego de tronos',2,'Fantasía','En un mundo fantástico y en un contexto medieval varias familias, relativas a la nobleza, se disputan el poder para dominar el territorio ficticio de Poniente (Westeros) y tomar el control de los Siete Reinos desde el Trono de Hierro, lugar donde el rey ejerce el poder.','8','N/A','https://www.youtube.com/embed/KPLWWIOCOOQ','./posters/9.jpg'),(10,'The Flash',2,'Ciencia Ficción','Sigue las veloces aventuras de Barry Allen, un joven común y corriente con el deseo latente de ayudar a los demás. Cuando una inesperada partícula aceleradora golpea por accidente a Barry, de pronto se encuentra cargado de un increíble poder para moverse a increíbles velocidades. Mientras Barry siempre ha tenido el alma de un héroe, sus nuevos poderes le han dado la capacidad de actuar como tal.','6','N/A','https://www.youtube.com/embed/Yj0l7iGKh8g','./posters/10.jpg'),(11,'The Big Bang Theory',2,'Comedia','Leonard y Sheldon son dos físicos que comparten trabajo y apartamento. La Serie comienza con la mudanza de Penny, su nueva y atractiva vecina, y hace hincapié en la dificultad de los físicos para relacionarse con personas fuera de su entorno para dar lugar a situaciones cómicas.','12','N/A','https://www.youtube.com/embed/WBb3fojgW0Q','./posters/11.jpg'),(12,'Friends',2,'Comedia','\'Friends\' narra las aventuras y desventuras de seis jóvenes de Nueva York: Rachel, Monica, Phoebe, Ross, Chandler y Joey. Ellos forman una unida pandilla de amigos que viven en Manhattan y que suelen reunirse en sus apartamentos o en su bar habitual cafetería, el Central Perk. A pesar de los numerosos cambios que se producen en sus vidas, su amistad es inquebrantable en la dura batalla por salir adelante en sus periplos profesionales y personales.','10','N/A','https://www.youtube.com/embed/ekYGfU0XIx0','./posters/12.jpg'),(13,'Anne with an \'E\'',2,'Familia','Anne Shirley es una niña huérfana que vive en un pequeño pueblo llamado Avonlea que pertenece a la Isla del Príncipe Eduardo, en el año 1890. Después de una infancia difícil, donde fue pasando de orfanato a hogares de acogida, es enviada por error a vivir con una solterona y su hermano. Cuando cumple 13 años, Anne va a conseguir transformar su vida y el pequeño pueblo donde vive gracias a su fuerte personalidad, intelecto e imaginación. Basada en la inolvidable novela.','2','N/A','https://www.youtube.com/embed/M4T-_aB8smU','./posters/13.jpg'),(14,'Expedientes Secretos \'X\'',2,'Ciencia Ficción','Fox Mulder y Dana Scully son dos investigadores del FBI que investigan casos sin resolución ni explicación, ya sea por razones paranormales (espíritus, criaturas extrañas, aliens...) ya porque el gobierno se ha encargado de ocultar todo tipo de pruebas. Cuando Mulder tenía doce años, su hermana pequeña fue secuestrada por unos desconocidos, aunque él cree que, en realidad, fue abducida por extraterrestres. Tras acabar sus estudios en la universidad de Oxford, ingresó en la Academia de Quantico, donde se ganó el apodo de \'siniestro\'','11','N/A','https://www.youtube.com/embed/KKziOmsJxzE','./posters/14.jpg'),(15,'Chernobyl',2,'Suceso Real','Sigue «la verdadera historia de una de las peores catástrofes provocadas por el hombre y habla de los valientes hombres y mujeres que se sacrificaron para salvar a Europa de un desastre inimaginable. La miniSerie se centra en el desgarrador alcance del desastre de la planta nuclear que ocurrió en Ucrania en abril de 1986, revelando cómo y por qué ocurrió, además contando las sorprendentes y notables historias de los héroes que lucharon y cayeron.','1','N/A','https://www.youtube.com/embed/s9APLXM9Ei8','./posters/15.jpg'),(16,'Westworld',2,'Ciencia Ficción','\'Westworld\' es una oscura odisea acerca del amanecer de la conciencia artificial y la evolución del pecado. Situada en la intersección del futuro cercano y el pasado reimaginado, explora un mundo donde cada apetito humano, sin importar cuán noble o depravado, puede ser saciado. Está ambientada en un parque temático futurista dirigido por el Dr. Robert Ford (Anthony Hopkins). Las instalaciones cuentan con androides caracterizados del western americano, y gracias a ellos los visitantes pueden introducirse en cualquier tipo de fantasía por muy oscura que sea.','3','N/A','https://www.youtube.com/embed/qLFBcdd6Qw0','./posters/16.jpg'),(17,'Halt and Catch Fire',2,'Drama','Situada en los inicios de la década de 1980, un visionario ficticio, un ingeniero electrónico y una prodigiosa ingeniera, se alían a una programadora de software para confrontar con las corporaciones informáticas dominantes de la época. El Personal de la firma y sus socios de negocio, comenzarán una carrera que cambiará la cultura en el Estado de Texas, cuna de las empresas de tecnología, casi de la misma forma que lo es hoy Silicon Valey. \n Esta historia ficticia emula el trabajo realizado, en su momento, por la firma Compaq, cuando clonó el BIOS de las Computadoras Personales IBM, dando vida así al económico mercado de los clones. Mostrando también, a lo largo de sus 4 temporadas, el nacimiento de la arquitectura abierta de hardware, los videojuegos online, las salas de chat y de trueque de productos físicos, los BBS, y las primeras nubes computacionales, hasta la llegada de Internet (sin dejar afuera la guerra de los web browsers).','4','N/A','https://www.youtube.com/embed/pWrioRji60A','./posters/17.jpg'),(18,'Ava',1,'Acción','Ava es una mortífera asesina a sueldo que trabaja para una organización de operaciones encubiertas, que viaja por todo el mundo acabando con aquellos objetivos que nadie más puede derribar. Cuando uno de sus encargos sale mal, Ava tendrá que luchar por una vida.','N/A','97 minutos','https://www.youtube.com/embed/eLEwNo78f0k','./posters/18.jpg'),(19,'Aves de presa (Harley Quinn)',1,'Ciencia Ficción','Después de separarse de Joker, Harley Quinn y otras tres heroínas (Canario Negro, Cazadora y Renée Montoya) unen sus fuerzas para salvar a una niña (Cassandra Cain) del malvado rey del crimen Máscara Negra.','N/A','97 minutos','https://www.youtube.com/embed/saUmnenKbBM','./posters/19.jpg'),(20,'Archivo',1,'Ciencia Ficción','2038: George Almore está trabajando en una verdadera IA equivalente a la humana. Su último prototipo está casi listo. Esta fase sensible también es la más arriesgada. Especialmente porque tiene un objetivo que debe ocultarse a toda costa: reunirse con su esposa muerta.','N/A','97 minutos','https://www.youtube.com/embed/VHSoCnDioAo','./posters/20.jpg'),(21,'Jumanji - The next level',1,'Fantasía','Las aventuras continúan en el fantástico mundo del video juego Jumanji, donde nada es lo que parece. En esta ocasión, los jugadores vuelven al juego, pero sus personajes se han intercambiado entre sí, lo que ofrece un curioso plantel: los mismos héroes con distinta apariencia y habilidades. Pero, ¿dónde está el resto de la gente?','N/A','97 minutos','https://www.youtube.com/embed/rBxcF-r9Ibs','./posters/21.jpg'),(22,'3022',1,'Suspenso','La película está ambientada en una estación espacial en el futuro. La tripulación sufre un estrés traumático y considera abandonar su misión después de observar lo que creen que es la destrucción de la Tierra. La película se muestra como una Serie de flashbacks y flash-forward.','N/A','97 minutos','https://www.youtube.com/embed/AGQ7OkmIx4Q','./posters/22.jpg'),(23,'IT - Capítulo 2',1,'Terror','En este segundo capitulo Han pasado 27 años desde que el \'Club de los Perdedores\', formado por Bill, Berverly, Richie, Ben, Eddie, Mike y Stanley, se enfrentaran al macabro y despiadado Pennywise (Bill Skarsgård). En cuanto tuvieron oportunidad, abandonaron el pueblo de Derry, en el estado de Maine, que tantos problemas les había ocasionado. Sin embargo, ahora, siendo adultos, parece que no pueden escapar de su pasado. Todos deberán enfrentarse de nuevo al temible payaso para descubrir si de verdad están preparados para superar sus traumas de la infancia.','N/A','97 minutos','https://www.youtube.com/embed/hZeFeYSmBcg','./posters/23.jpg'),(24,'Pantera Negra',1,'Ciencia Ficción','T’Challa (Chadwick Boseman) regresa a su hogar en la apartada nación africana de Wakanda para servir como líder de su país. Tras suceder a su padre en el trono, pasa a convertirse en Pantera Negra, una sigilosa criatura de la noche, con agudos sentidos felinos y otras habilidades como súper fuerza e inteligencia, agilidad, estrategia o maestro del combate sin armas. Es bajo el liderazgo de T’Challa como Wakanda consigue convertirse en una de las naciones más ricas y tecnológicamente avanzadas del planeta.','N/A','97 minutos','https://www.youtube.com/embed/BE6inv8Xh4A','./posters/24.jpg'),(25,'Contra lo imposible (Ford versus Ferrari)',1,'Suceso Real','Los ganadores del Premio de la Academia® Matt Damon y Christian Bale protagonizan CONTRA LO IMPOSIBLE, basada en la historia real del visionario diseñador americano de automóviles Carroll Shelby (Damon) y el intrépido piloto británico Ken Miles (Bale). Juntos construyen un nuevo coche de carreras para Ford Motor Company y así enfrentar a Enzo Ferrari en las 24 Horas de Le Mans en Francia en 1966.','N/A','97 minutos','https://www.youtube.com/embed/SOVb0-2g1Q0','./posters/25.jpg'),(26,'Centígrados',1,'Suspenso','Una joven pareja estadounidense viaja a las montañas árticas de Noruega. Después de detenerse durante una tormenta de nieve, se despiertan atrapados en su SUV, enterrados bajo capas de nieve y hielo.','N/A','97 minutos','https://www.youtube.com/embed/0RvV7TNUlkQ','./posters/26.jpg'),(27,'DOOM: Aniquilación',1,'Terror','Doom: Aniquilación sigue a un grupo de marines espaciales que han respondido a una llamada de alerta de una base en la luna marciana, solo para descubrir que ha sido tomada por criaturas demoníacas que amenazan con desatar el infierno en la tierra.','N/A','97 minutos','https://www.youtube.com/embed/nat3u3gAVLE','./posters/27.jpg'),(28,'Contagio',1,'Drama','De repente, sin saber cuál es su origen, aunque todo hace sospechar que comienza con el viaje de una norteamericana a un casino de Hong Kong, un virus mortal comienza a propagarse por todo el mundo. En pocos días, la enfermedad empieza a diezmar a la población. El contagio se produce por mero contacto entre los seres humanos. Un thriller realista y sin efectos especiales sobre los efectos de una epidemia.','N/A','97 minutos','https://www.youtube.com/embed/4sYSyuuLk5g','./posters/28.jpg'),(29,'Viuda Negra',1,'Acción','Primera pelicula individual de la Viuda Negra en el universo cinematografico de Marvel, contando su historia desde que se inició como doble agente rusa, su niñez, sus misiones, y su actualidad, después de Avengers.','N/A','97 minutos','https://www.youtube.com/embed/BIn8iANwEog','./posters/29.jpg'),(30,'The Martian',1,'Ciencia Ficción','Durante una misión a Marte de la nave tripulada Ares III, una fuerte tormenta se desata dando por desaparecido y muerto al astronauta Mark Watney (Matt Damon), sus compañeros toman la decisión de irse pero él ha sobrevivido. Está solo y sin apenas recursos en el planeta. Con muy pocos medios deberá recurrir a sus conocimientos, su sentido del humor y un gran instinto de supervivencia para lograr sobrevivir y comunicar a la Tierra que todavía está vivo esperando que acudan en su rescate.','N/A','97 minutos','https://www.youtube.com/embed/XvB58bCVfng','./posters/30.jpg'),(31,'Ex-Machina',1,'Ciencia Ficción','Un programador multimillonario selecciona a Caleb, un joven empleado de su empresa, para que pase una semana en un lugar remoto con el objetivo de que participe en un test en el que estará involucrada su última creación: un robot-mujer en el que inteligencia artificial lo es todo.','N/A','97 minutos','https://www.youtube.com/embed/XRYL5spvEcI','./posters/31.jpg'),(32,'Jurassic World',1,'Aventura','Veintidós años después de lo ocurrido en Jurassic Park, la isla Nublar ha sido transformada en un enorme parque temático, Jurassic Wold, con versiones «domesticadas» de algunos de los dinosaurios más conocidos. Cuando todo parece ir sobre ruedas y ser el negocio del siglo, un nuevo dinosaurio de especie desconocida, pues ha sido creado manipulando genéticamente su ADN, y que resulta ser mucho más inteligente de lo que se pensaba, se escapa de su recinto y comienza a causar estragos entre los visitantes del Parque.','N/A','97 minutos','https://www.youtube.com/embed/RFinNxS5KN4','./posters/32.jpg'),(33,'Soy leyenda',1,'Terror','Años después de que una plaga mate a la mayoría de la humanidad y transforme al resto en monstruos, el único superviviente en la ciudad de Nueva York lucha valientemente para encontrar una cura.','N/A','97 minutos','https://www.youtube.com/embed/dtKMEAXyPkg','./posters/33.jpg'),(34,'El primer hombre en la luna',1,'Suceso Real','Cuenta la historia de la misión de la NASA que llevó al primer hombre a la luna, centrada en Neil Armstrong (interpretado por Ryan Gosling) y el periodo comprendido entre los años 1961 y 1969. Un relato en primera persona, basado en la novela de James R. Hansen, que explora el sacrificio y el precio que representó, tanto para Armstrong como para Estados Unidos, una de las misiones más peligrosas de la historia.','N/A','97 minutos','https://www.youtube.com/embed/PSoRx87OO6k','./posters/34.jpg'),(35,'Titanes del pacífico - La insurrección',1,'Ciencia Ficción','Han pasado 10 años tras la primera invasión que sufrió la humanidad, pero la lucha aún no ha terminado. El planeta vuelve a ser asediado por los Kaiju, una raza de alienígenas colosales, que emergen desde un portal interdimensional con el objetivo de destruir a la raza humana. Ante esta nueva amenaza, los Jaegers, robots gigantes de guerra pilotados por dos personas para sobrellevar la inmensa carga neuronal que conlleva manipularlos, ya no están a la altura de lo que se les viene encima. Será entonces cuando los supervivientes de la primera invasión, además de nuevos personajes como el hijo de Pentecost, tendrán que idear la manera de sorprender al enorme enemigo, apostando por nuevas estrategias defensivas y de ataque. Con la Tierra en ruinas e intentando reconstruirse, esta nueva batalla puede ser decisiva para el futuro.','N/A','97 minutos','https://www.youtube.com/embed/_EhiLLOhVis','./posters/35.jpg'),(36,'JOBS: La Vida De Steve Jobs',1,'Suceso Real','Sólo hace falta una persona para empezar una revolución. Jobs es la extraordinaria historia de Steve Jobs, el original innovador y emprendedor que no dejó que nada se interpusiera en su camino hacia la grandeza. La película cuenta la épica y turbulenta historia de Jobs mientras abría un camino que cambió la tecnología - y el mundo - para siempre. Su vida es repasada desde que era adolescente, intentando estudiar en la universidad, hasta el año 2001, cuando el iPod fue presentado al mundo y comenzó a \'allanar\' el camino para lo que años después, sería el iPhone.','N/A','104 minutos','https://www.youtube.com/embed/FrvkCS0ZGPU','./posters/36.jpg'),(37,'Piratas de Silicon Valey',1,'Suceso Real','Esta película es el documental semigracioso sobre los hombres que hicieron el mundo de la tecnología lo que es hoy, sus luchas durante el colegio, la fundación de sus compañías y las acciones ingeniosas que tomaron para aumentar los Imperios corporativos globales de Apple Computer Inc. y Microsoft Corporation.','N/A','104 minutos','https://www.youtube.com/embed/lEyrivrjAuU','./posters/37.jpg'),(38,'Red Social',1,'Suceso Real','En una noche de otoño de 2003, el genio de la programación de computación de la Universidad de Harvard Mark Zuckerberg se sienta en su computadora y acaloradamente comienza a trabajar en una nueva idea. En una furia de los blogs y la programación, lo que comienza en su dormitorio como un pequeño sitio entre amigos pronto se convierte en una red social global y una revolución en la comunicación. A sólo seis años y 500 millones de amigos más tarde, Mark Zuckerberg es el multimillonario más joven de la historia ... pero para este empresario, el éxito conduce a complicaciones tanto personales como legales.','N/A','116 minutos','https://www.youtube.com/embed/lB95KLmpLR4','./posters/38.jpg'),(39,'Antitrust',1,'Acción','Milo Hoffman es un joven informático increíblemente prometedor para su edad que rápidamente es contratado por una importante empresa de Sillicon Valley. El empleo de sus sueños se ha hecho realidad, ya que ahí puede trabajar con los ordenadores más potentes del mundo y con las últimas tecnologías que aún no han salido al mercado. El Paraíso de un informático. Su jefe, Gary Winston , es un poderoso pez gordo de la industria que en un principio parece un tipo íntegro y legal. Pero pronto descubrirá que fisgar en sus archivos secretos no es la mejor idea si uno quiere conservar su trabajo... y su vida.','N/A','110 minutos','https://www.youtube.com/embed/k3TwIJjyjPM','./posters/39.jpg'),(40,'Stowaway',1,'Ciencia Ficción','Una misión al planeta Marte. Dos años de duración. De repente, los tres tripulantes afectados a esta labor deben tomar una decisión imposible cuando un pasajero imprevisto compromete la vida de todos a bordo. No hay vuelta atrás. La decisión deberá tomarse contemplando la vida de los, ahora, cuatro pasajeros aún cuando la supervivecnaia tenga que acarrear algún sacrificio.','N/A','118 minutos','https://www.youtube.com/embed/A_apvQkWsVY','./posters/40.jpg'),(41,'Liga de la Justicia - Zack Snyder',1,'Acción','Decidido a asegurarse de que el sacrificio final de Superman no fue en vano, Bruce Wayne alinea fuerzas con Diana Prince con planes para reclutar un equipo de metahumanos para proteger al mundo de una amenaza de proporciones catastróficas que se aproxima. En esta fascinante entrega, no apta para niños, verás cómo se conforma la Liga de la Justicia, uniendo a los principales superhéroes conocidos como Metahumanos.','N/A','242 minutos','https://www.youtube.com/embed/BUb_-RxsoBs','./posters/41.jpg'),(42,'Two and a half men',2,'Comedia','Un quiropráctico y padre soltero, Alan Harper, vive en una casa al frente de la playa con su hijo mediocre, Jake, y un billonario de la Internet divorciado Walden Schmidt, que se muda con la familia de los Harper y ofrece comprar la casa luego de la muerte inesperada del hermano de Alan, Charlie, que era el propietario de la casa en la que vivía con Alan y Jake, luego de que padre e hijo se mudaran después del divorcio de Alan. La exesposa de Alan y madre de Jake, Judith, permanece en sus vidas.','12','N/A','https://www.youtube.com/embed/mVHDanSl2pc','./posters/42.jpg'),(43,'La casa de Papel',2,'Acción','Ocho ladrones toman rehenes en la Fábrica Nacional de Moneda y Timbre de España, mientras el líder de la banda manipula a la policía para cumplir con su plan.','4','N/A','https://www.youtube.com/embed/w1jkStuRQU8','./posters/43.jpg'),(44,'Stranger Things',2,'Suspenso','Pasan cosas muy extrañas en Hawkins, Indiana, tras una desaparición que revela la presencia de una niña con poderes sobrenaturales. Después de la extraña desaparición de un niño, un pueblo se encuentra ante un misterio que revela experimentos secretos, fuerzas sobrenaturales.','4','N/A','https://www.youtube.com/embed/b9EkMc79ZSU','./posters/44.jpg'),(45,'Gravity',1,'Suspenso','Durante un paseo espacial rutinario, dos astronautas sufren un grave accidente y quedan flotando en el espacio. Una es la doctora Ryan Stone, una brillante ingeniera en su primera misión espacial en la Shuttle. Su acompañante es el veterano astronauta Matt Kowalsky. Durante el paseo algo sale mal y ocurre el desastre: el shuttle queda destrozado, dejando a Ryan y Matt completamente solos, momento a partir del cual intentarán por todos los medios volver a la Tierra.','','93 minutos','https://www.youtube.com/embed/OiTiKOy59o4','./posters/45.jpg'),(46,'Apollo 13',1,'Suceso Real','El Apolo 13 inicia su viaje a la luna en abril de 1970. Cuando la tripulación está a punto de llegar a su destino, una explosión en el espacio les hace perder oxígeno, energía y el curso de la nave... Todo se convierte en una situación desesperada para los tres hombres tripulantes, especialmente cuando el oxígeno amenaza con agotarse. Mientras, el mundo entero, que apenas un año antes conoció la gloria de la aventura espacial cuando el hombre pisó la luna, contiene la respiración a la espera de ver cómo acaba tan angustiosa espera.','','140 minutos','https://www.youtube.com/embed/e3ZtOS4MCkk','./posters/46.jpg'),(47,'La profecía',1,'Terror','Incapaz de decirle a su mujer Katherine la trágica muerte de su hijo recién nacido, el diplomático americano Robert Thorn acepta un huérfano como su hijo. Los detalles del nacimiento del chico son un secreto, pero cuando Damien va creciendo, empieza a dar muestras de que no es un chico corriente.','','110 minutos','https://www.youtube.com/embed/8L-1Qk_MQQs','./posters/47.jpg'),(48,'El exorcista',1,'Terror','Regan es una niña de doce años víctima de fenómenos paranormales como la levitación o la manifestación de una fuerza sobrehumana. Su madre, aterrorizada, tras someter a su hija a múltiples análisis médicos que no ofrecen ningún resultado, acude a un sacerdote con estudios de psiquiatría. Éste está convencido de que el mal no es físico sino espiritual, es decir, que la niña es víctima de una posesión diabólica. Por eso, con la ayuda de otro sacerdote decide practicar un exorcismo.','','122 minutos','https://www.youtube.com/embed/YDGw1MTEe9k','./posters/48.jpg'),(49,'It (eso)',1,'Terror','Remake del clásico de Stephen King, y de la película homónima de 1990, en el que un payaso aterroriza a los niños de un vecindario. En un pequeño pueblo de Maine, siete niños conocidos como el Club de los Perdedores se encuentran cara a cara con problemas de la vida, matones y un monstruo que toma la forma de un payaso llamado Pennywise..','','135 minutos','https://www.youtube.com/embed/FnCdOQsX5kc','./posters/49.jpg'),(50,'The Office',2,'Comedia','Steve Carell protagoniza The Office, un fresco y divertido vistazo, con formato pseudo-documental, al día a día en la vida de unos excéntricos trabajadores de la empresa Dunder Mifflin. El serio pero despistadísimo director Michael Scott se considera un magnífico jefe y mentor, pero realmente inspira más críticas que respeto a sus empleados.','9','N/A','https://www.youtube.com/embed/LHOtME2DL4g','./posters/50.jpg'),(51,'The Good Doctor',2,'Familia','Un cirujano joven y autista que padece el síndrome del sabio empieza a trabajar en un hospital prestigioso. Allá tendrá que vencer el escepticismo con el que sus colegas lo reciben.','4','N/A','https://www.youtube.com/embed/fYlZDTru55g','./posters/51.jpg'),(52,'La teoría del todo',1,'Suceso Real','La película gira en torno a la vida de Stephen Hawking, el importante teórico y divulgador científico que cambió la historia de la ciencia y la tecnología moderna para siempre. La película se centrará en la relación que mantuvo el británico con Jane Wilde, su primera mujer, con quien contrajo matrimonio después de que le diagnosticaran una enfermedad por la que no le quedaban más de dos años de vida. Estupenda adaptación con un Eddie Redmayne que cada día nos sorprende más.','N/A','123 minutos','https://www.youtube.com/embed/Salz7uGp72c','./posters/52.jpg'),(53,'Código enigma',1,'Suceso Real','Durante el invierno de 1952, las autoridades británicas entraron en el hogar del matemático, analista y héroe de guerra Alan Turing, con la intención de investigar la denuncia de un robo. Al final acabaron arrestando a Turing acusándole de indecencia grave, un cargo que le supondría una devastadora condena por una ofensa criminal: ser homosexual. Los oficiales no tenían ni idea de que en realidad estaban incriminando al pionero de la informática actual. Liderando a un heterogéneo grupo de académicos, lingüistas, campeones de ajedrez y oficiales de inteligencia, se le conoce por haber descifrado el código de la inquebrantable máquina Enigma de los alemanes durante la Segunda Guerra Mundial.','N/A','115 minutos','https://www.youtube.com/embed/nuPZUUED5uk','./posters/53.jpg'),(54,'Talentos ocultos',1,'Suceso Real','Narra la historia nunca contada de tres brillantes mujeres científicas afroamericanas que trabajaron en la NASA a comienzos de los años sesenta (en plena carrera espacial, y asimismo en mitad de la lucha por los derechos civiles de los negros estadounidenses) en el ambicioso proyecto de poner en órbita al astronauta John Glenn.','N/A','127 minutos','https://www.youtube.com/embed/RK8xHq6dfAo','./posters/54.jpg'),(55,'Una mente brillante',1,'Suceso Real','Obsesionado con la búsqueda de una idea matemática original, el brillante estudiante John Forbes Nash llega a Princeton para realizar sus estudios de postgrado. Es un muchacho extraño y solitario, al que sólo comprende su compañero de cuarto. Por fin, Nash esboza una revolucionaria teoría y consigue una plaza de profesor en el MIT. Alicia Lardé, una de sus alumnas, lo deja fascinado al mostrarle que las leyes del amor están por encima de las de las matemáticas. Gracias a su prodigiosa habilidad para descifrar códigos es reclutado por Parcher William, del departamento de Defensa, para ayudar a los Estados Unidos en la Guerra Fría contra la Unión Soviética.','N/A','134 minutos','https://www.youtube.com/embed/jT51irTIrAc','./posters/55.jpg'),(56,'Passengers',1,'Ciencia Ficción','Una nave espacial, que viaja a un planeta lejano transportando a miles de personas, tiene una avería en una de las cápsulas de hibernación tras el impacto con un gran meteorito. Como resultado, un pasajero se despierta noventa años antes del final del viaje.','N/A','116 minutos','https://www.youtube.com/embed/7BWWWQzTpNU','./posters/56.jpg'),(57,'Passengers',1,'Suspenso','Un avión se estrella y tan sólo sobreviven cinco personas. Asignada al caso por su mentor, la joven terapeuta Claire, una brillante psicóloga, deberá ayudar a los supervivientes a superar el trauma. Pero, poco a poco, éstos empiezan a desaparecer misteriosamente... o a no aparecer en la sesiones. Nada está claro, ni siquiera qué pasó en el accidente. Además, entre los supervivientes está Eric, un atractivo pasajero que parece no necesitar terapia. (la línea entre este mundo y el próximo, está a pundo de ser cruzada)','N/A','93 minutos','https://www.youtube.com/embed/iMW4RpQmJJQ','./posters/57.jpg'),(58,'Argo',1,'Suceso Real','Irán, año 1979. Cuando la embajada de los Estados Unidos en Teherán es ocupada por seguidores del Ayatolá Jomeini para pedir la extradición del Sha de Persia, la CIA y el gobierno canadiense organizaron una operación para rescatar a seis diplomáticos estadounidenses que se habían refugiado en la casa del embajador de Canadá. Con este fin se recurrió a un experto en rescatar rehenes y se preparó el escenario para el rodaje de una película de ciencia-ficción, de título \'Argo\', en la que participaba un equipo de cazatalentos de Hollywood. La misión: ir a Teherán y hacer pasar a los diplomáticos por un equipo de filmación canadiense para traerlos de vuelta a casa.','N/A','120 minutos','https://www.youtube.com/embed/JW3WfSFgrVY','./posters/58.jpg'),(59,'Prometheus',1,'Ciencia Ficción','Un grupo de científicos y exploradores emprende un viaje espacial a un remoto planeta, una rara estrella recién descubierta, donde sus límites físicos y mentales serán puestos a prueba. El motivo de la misión es que los humanos creen que allá podrán encontrar la respuesta a las preguntas más profundas y al mayor de los misterios: el origen de la vida en la Tierra.','N/A','120 minutos','https://www.youtube.com/embed/34cEo0VhfGE','./posters/59.jpg'),(60,'Alien: Covenant',1,'Ciencia Ficción','Rumbo a un remoto planeta al otro lado de la galaxia, la tripulación de la nave colonial Covenant descubre lo que creen que es un paraíso inexplorado, pero resulta tratarse de un mundo oscuro y hostil cuyo único habitante es un \'sintético\' llamado David (Michael Fassbender), superviviente de la malograda expedición Prometheus. Secuela de \'Prometheus\' (2012), a su vez precuela de \'Alien, el octavo pasajero\' (1979).','N/A','122 minutos','https://www.youtube.com/embed/svnAD0TApb8','./posters/60.jpg'),(61,'Life: Vida inteligente',1,'Suspenso','Seis miembros de la tripulación de la Estación Espacial Internacional que están a punto de lograr uno de los descubrimientos más importantes en la historia humana: la primera evidencia de vida extraterrestre en Marte. A medida que el equipo comienza a investigar y sus métodos tienen consecuencias inesperadas, la forma viviente demostrará ser más inteligente de lo que cualquiera esperaba.','N/A','106 minutos','https://www.youtube.com/embed/viX9irZw9Cg','./posters/61.jpg'),(62,'Madame Curie',1,'Suceso Real','Basada en el libro \'A tale of love and fallout\' de Lauren Redniss, Radioactive es la historia biográfica sobre la científica polaca Marie Curie, la primera persona en recibir dos premios Nobel en distintas especialidades —Física y Química—, y la primera mujer en ocupar el puesto de profesora en la Universidad de París. Dirigida por Marjane Satrapi y protagonizada por Rosamund Pike como Marie Curie, está basada en la novela gráfica de Lauren Redniss.','N/A','115 minutos','https://www.youtube.com/embed/w0jqppl-ybY','./posters/62.jpg'),(63,'The IT Crowd',2,'Comedia','En un desordenado sótano en las entrañas de Industrias Reynholm habitan Roy y Moss, los componentes del Departamento de informática. Víctimas del desprecio y del escarnio de sus compañeros más guays, su mundo de servidores y cortafuegos se ve interrumpido por la llegada de Jen, su nueva jefa, que sabe tanto de ordenadores como un yak.','4','N/A','https://www.youtube.com/embed/wCa1jfo93jQ','./posters/63.jpg'),(64,'Humans',2,'Ciencia Ficción','En un presente paralelo donde el último gadget que hay que tener para cualquier familia ocupada es un \'Synth\' - un sirviente robótico altamente desarrollado que es tan similar a un humano real que está transformando la manera en que vivimos.','3','N/A','https://www.youtube.com/embed/BV8qFeZxZPE','./posters/64.jpg'),(65,'Need for Speed',1,'Acción','El más famoso de los videojuegos de carreras llega a la gran pantalla para dejar a los más fanáticos boquiabiertos. Need for Speed cuenta la historia de un experto en automovilismo (Aaron Paul), el cual tiene un garage en dónde transforma coches para hacerlos más rápidos de lo que son para poder competir en carreras ilegales. Entró en la cárcel por un delito que no había cometido, justo cuando su mejor amigo muere en una carrera, y ahora sale de allí para vengarse.','N/A','130 minutos','https://www.youtube.com/embed/u3wtVI-aJuw','./posters/65.jpg'),(66,'Mare of Easttown',2,'Drama','Mare of Easttown es una miniserie estadounidense de drama y misterio creada por Brad Ingelsby cuenta la historia de Mare Sheehan, una detective de un pequeño pueblo de Pensilvania que investiga un asesinato local mientras trata de evitar que su vida se desmorone a raiz de la muerte de su hijo, su separación, y la posible restitución de su nieto a su madre biológica.','1','N/A','https://www.youtube.com/embed/miQqyfO66uw','./posters/66.jpg'),(67,'Ray',1,'Suceso Real','La vida de Ray Charles es una alternancia de triunfos y fracasos personales que se suceden a lo largo de una dilatada y galardonada carrera en el mundo del espectáculo. Pero estamos hablando de un hombre que sintetizó sus luchas, su dolor y su oscuridad personal con la misma efectividad con la que supo fundir en su arte una miríada de estilos musicales: el jazz, el rhythm & blues, el rock & roll, el gospel y el country. Su historia tiene entonces un sentido muy distinto: la cadena de logros se transforma en el vibrante y conmovedor trayecto de un genio único con una visión propia que enseñó al mundo a escuchar música de una forma nueva. RAY es la biografía, nunca contada antes, de esa leyenda de la música americana que es Ray Charles. Se centra en el período más explosivo de la carrera de Charles, que comienza cuando este joven negro ciego se sube solo a un autobús en Florida y cruza el país para refinar su arte en la floreciente escena jazzística de Seattle.','N/A','152 minutos','https://www.youtube.com/embed/jVHCQfcugdw','./posters/67.jpg'),(68,'Black Mirror',2,'Ciencia Ficción','Black Mirror es una serie de televisión británica creada por Charlie Brooker que muestra el lado oscuro de la vida y la tecnología. La serie es producida por Zeppotron para Endemol. En cuanto al contenido del programa y la estructura, Brooker ha señalado que \'cada episodio tiene un tono diferente, un entorno diferente, incluso una realidad diferente, pero todos son acerca de la forma en que vivimos ahora - y la forma en que podríamos estar viviendo en 10 minutos si somos torpes\'.','5','N/A','https://www.youtube.com/embed/jVHCQfcugdw','./posters/68.jpg'),(69,'Detrás de sus ojos',2,'Drama','Una madre soltera se adentra en un mundo de retorcidos juegos psicológicos cuando inicia una relación cuasi-no consentida con su jefe, un psiquiatra, y se hace amiga en secreto de su misteriosa esposa. La trama se bassa en un thriller sobre un triángulo amoroso perverso, más la introducción sutilmente de un elemento clave, que dará un giro notable a la obra.','1','N/A','https://www.youtube.com/embed/c4LtoWQaLxk','./posters/69.jpg'),(70,'Her',1,'Ciencia Ficción','En un futuro cercano, Theodore, un hombre solitario a punto de divorciarse que trabaja en una empresa como escritor de cartas para terceras personas, compra un día un nuevo sistema operativo basado en el modelo de Inteligencia Artificial, diseñado para satisfacer todas las necesidades del usuario. Para su sorpresa, se crea una relación romántica entre él y Samantha, la voz femenina de ese sistema operativo.','N/A','126 minutos','https://www.youtube.com/embed/UVMcpZ42BkA','./posters/70.jpg'),(71,'Misión Imposible',1,'Acción','Ethan Hunt es un superespía capaz de resolver cualquier arriesgada situación con la máxima elegancia. Forma parte de un competente equipo dirigido por el agente Jim Phelps, que ha vuelto a reunir a sus hombres para participar en una dificilísima misión: evitar la venta de un disco robado que contiene información secreta de vital importancia.','N/A','110 minutos','https://www.youtube.com/embed/Ohws8y572KE','./posters/71.jpg'),(72,'El agente de C.I.P.O.L.',1,'Acción','Guerra fría, años 60. Narra las aventuras de dos agentes secretos que se parecen más de lo que creen: Napoleon Solo, de la CIA, e Illya Kuryakin, del KGB. Ambos se ven obligados a olvidar sus diferencias y formar un equipo cuya misión será poner fin a una misteriosa organización criminal internacional que pretende desestabilizar el frágil equilibrio de poder provocado por la proliferación de las armas nucleares. La hija de un científico alemán desaparecido es la clave para infiltrarse en la organización, encontrar al científico y evitar una catástrofe mundial.','N/A','116 minutos','https://www.youtube.com/embed/AeUzNxHHryQ','./posters/72.jpg'),(73,'Jumanji - Bienvenidos a la jungla',1,'Fantasía','Cuatro adolescentes son absorbidos por un videojuego, en el que se convierten en avatares de personajes arquetípicos. Allí vivirán múltiples aventuras, al tiempo que buscan cómo salir de allí para volver a su mundo.','N/A','119 minutos','https://www.youtube.com/embed/2QKg5SZ_35I','./posters/73.jpg'),(74,'Mujer Maravilla 1984',1,'Fantasía','En 1984, en plena guerra fría, Diana Prince, conocida como La Mujer Maravilla, se enfrenta al empresario Maxwell Lord y a su antigua amiga Barbara Minerva / Cheetah, una villana que posee fuerza y agilidad sobrehumanas.','N/A','151 minutos','https://www.youtube.com/embed/sfM7_JLk-84','./posters/74.jpg'),(75,'El Contador',1,'Aventura','Christian Wolff es un contable y genio matemático, un hombre obsesivo con el orden y con mucha más afinidad con los números que con las personas, que lleva una doble vida como asesino despiadado.','N/A','128 minutos','https://www.youtube.com/embed/DBfsgcswlYQ','./posters/75.jpg'),(76,'Mala Educación',1,'Suceso Real','Frank Tassone, uno de los superintendentes más destacados del distrito escolar de Roslyn en Nueva York se desvive a diario para que la educación de sus alumnos sea la mejor. Pero de forma paralela, este se lucra con dinero público para llevar una vida llena de lujos. Así, Tassone y su personal, amigos y familiares, se convierten en los principales sospechosos del mayor escándalo de malversación de fondos ocurrido en una escuela pública de toda la historia de los Estados Unidos. (Algunas personas aprenden de manera difícil.)','N/A','108 minutos','https://www.youtube.com/embed/DBfsgcswlYQ','./posters/76.jpg'),(78,'Noche en el Museo',1,'Aventura','Un padre divorciado trata de establecerse, impresionar a su hijo y encontrar su destino. Él se presenta para un trabajo como vigilante nocturno en el Museo Americano de Historia Natural de la ciudad de Nueva York y, posteriormente, descubre que los objetos expuestos, animados por un artefacto mágico de Egipto, vuelven a la vida durante la noche. Al principio le va muy mal tratando de mantener el orden y la calma en el museo, pero al final se vuelve muy buen amigo de todos y juntos ayudan a recuperar aquel artefacto mágico egipcio, ya que ha sido robado por los antiguos vigilantes del museo.','N/A','108 minutos','https://www.youtube.com/embed/B2G-8raHvOU','./posters/78.jpg'),(79,'Bohemian Rhapsody',1,'Suceso Real','Bohemian Rhapsody es una rotunda y sonora celebración de Queen, de su música y de su extraordinario cantante Freddie Mercury, que desafió estereotipos e hizo añicos tradiciones para convertirse en uno de los showmans más queridos del mundo. La película plasma el meteórico ascenso al olimpo de la música de la banda a través de sus icónicas canciones y su revolucionario sonido, su crisis cuando el estilo de vida de Mercury estuvo fuera de control, y su triunfal reunión en la víspera del Live Aid, en la que Mercury, mientras sufría una enfermedad que amenazaba su vida, lidera a la banda en uno de los conciertos de rock más grandes de la historia. Veremos cómo se cimentó el legado de una banda que siempre se pareció más a una familia, y que continúa inspirando a propios y extraños, soñadores y amantes de la música hasta nuestros días.','N/A','134 minutos','https://www.youtube.com/embed/mP0VHJYFOAU','./posters/79.jpg'),(80,'Rock of ages',1,'Comedia','Los Ángeles, 1987: Un aspirante a roquero y una chica que trabajan en el mismo club (Bourbone Room) se enamoran y tratan de impedir que el local caiga en manos de unos empresarios que quieren demolerlo. Esta película es la adaptación cinematográfica del musical homónimo de Broadway.','N/A','123 minutos','https://www.youtube.com/embed/mP0VHJYFOAU','./posters/80.jpg'),(81,'Super 8',1,'Ciencia Ficción','Año 1979, en un pequeño pueblo de Ohio. Joe Lamb (Joel Courtney) es un muchacho que ha perdido a su madre en un accidente y que vive con su padre policía (Kyle Chandler). Comenzado el verano, y mientras rueda una película de zombis en Super 8 con sus amigos -y sobre todo con la bella Alice Dainard (Elle Fanning)-, Joe observa cómo una camioneta se estrella contra un tren de mercancías, provocando su descarrilamiento y un terrible accidente. A partir de ese momento cosas extrañas e inexplicables comienzan a suceder en el pueblo.','N/A','82 minutos','https://www.youtube.com/embed/QtZ6BQRDk4g','./posters/81.jpg'),(82,'Jurassic World - El reino caido',1,'Aventura','Tras cuatro años de abandono del complejo turístico Jurassic World, la isla Nublar solo está habitada por los dinosaurios supervivientes, pero el volcán inactivo de la isla comienza a cobrar vida, Owen y Claire montan una campaña para rescatar a los dinosaurios restantes en la isla.','N/A','82 minutos','https://www.youtube.com/embed/vn9mMeWcgoM','./posters/82.jpg'),(83,'Indiana Jones - y el Reino de la Calavera de Cristal',1,'Aventura','Guerra Fría (1957). Indiana Jones (Harrison Ford) y su amigo Mac (Ray Winstone) acaban de escapar de las garras de unos agentes soviéticos en un remoto aeropuerto. El decano de la Universidad (Jim Broadbent) le confiesa a su amigo el profesor Jones que las últimas misiones de Indy han fracasado y que está a punto de ser despedido. Mientras tanto, Indiana conoce a Mutt (Shia LaBeouf), un joven rebelde que le propone un trato: si le ayuda a resolver un problema personal, él, a cambio, le facilitaría uno de los descubrimientos más espectaculares de la historia: la Calavera de Cristal de Akator, que se encuentra en un lugar remoto del Perú. Pero los agentes soviéticos, dirigidos por la fría y bella Irina Spalko (Cate Blanchett), tienen el mismo objetivo.','N/A','127 minutos','https://www.youtube.com/embed/WAdJf4wTC5Y','./posters/83.jpg'),(84,'Los Goonies',1,'Familia','Mikey, un muchacho de trece años, que junto con su hermano mayor y sus amigos se hacen llamar \'Los Goonies\', decide subir a jugar al desván de su casa, donde su padre guarda antigüedades. Allí, el grupo encuentra el mapa de un tesoro y emprende un fabuloso viaje para validar la veracidad de dicho mapa, y encontrar ese tesoro tan preciado por estos amigos inseparables.','N/A','114 minutos','https://www.youtube.com/embed/hJ2j4oWdQtU','./posters/84.jpg'),(85,'Cars',1,'Familia','El aspirante a campeón de carreras Rayo McQueen está sobre la vía rápida al éxito, la fama y todo lo que él había soñado, hasta que por error toma un desvío inesperado en la polvorienta y solitaria Ruta 66. Su actitud arrogante se desvanece cuando llega a una pequeña comunidad olvidada que le enseña las cosas importantes de la vida que había olvidado.','N/A','114 minutos','https://www.youtube.com/embed/SbXIj2T-_uk','./posters/85.jpg'),(86,'Los pingüinos de Madagascar',1,'Familia','Los pingüinos llevan sus misiones en su hábitat en el Parque Central. Aparecen Julien, el rey de los lémures, y sus súbditos Maurice y Mort, sus nuevos vecinos, que constituyen la exhibición de lémures en el zoológico. Ahora los pingüinos deben mantener las cosas bajo control, a menudo a pesar de las payasadas de los lémures así como auxiliar en labores poco comunes o aventuras fuera de lo común. Skipper rara vez llama al Rey Julien por su nombre, dirigiéndose a él siempre como \'Cola anillada\' (por ser un lemur de cola anillada).','N/A','101 minutos','https://www.youtube.com/embed/SbXIj2T-_uk','./posters/86.jpg'),(87,'Cementerio de animales',1,'Terror','Louis Creed, su esposa y sus dos niños se instalan en una vivienda próxima a una carretera con mucho tráfico. Cerca de la casa hay un sendero que lleva a un cementerio de animales y también a un antiguo cementerio indio; según la leyenda, los que sean enterrados allí volverán a la vida. Cuando uno de los niños muere atropellado por un camión, Louis ldecide enterrarlo en el cementerio indio.','N/A','103 minutos','https://www.youtube.com/embed/JMao8sg4DPA','./posters/87.jpg'),(88,'Poltergeist',1,'Terror','Una familia americana de clase media se traslada a vivir e una nueva casa en un aparentemente idílico barrio, pero dentro de la casa comienzan a suceder cosas extrañas, fenómenos paranormales para los que no hay explicación posible.','N/A','114 minutos','https://www.youtube.com/embed/9eZgEKjYJqA','./posters/88.jpg'),(89,'El código Da Vinci',1,'Aventura','El catedrático y afamado simbologista Robert Langdon se ve obligado a acudir una noche al Museo del Louvre, cuando el asesinato de un restaurador deja tras de sí un misterioso rastro de símbolos y pistas. Con la ayuda de la criptógrafa de la policía Sophie Neveu y poniendo en juego su propia vida, Langdon descubre que la obra de Leonardo Da Vinci esconde una serie de misterios que apuntan a una sociedad secreta encargada de custodiar un antiguo secreto que ha permanecido oculto durante dos mil años.','N/A','249 minutos','https://www.youtube.com/embed/lfqHb6INj3w','./posters/89.jpg'),(90,'Johnny English',1,'Comedia','Las joyas de la Corona de su Majestad han desaparecido. Detrás de ello se esconde Pascal Sauvage (John Malkovich), que también conspira para hacerse con el trono de la reina. La misión es asignada a Johnny English (Rowan Atkinson), un agente tan entregado al trabajo como inexperto. Desde ese momento la información confidencial, los coches de lujo y la tecnología más sofisticada forman parte de su rutina diaria. Johnny English aún no se lo acaba de creer. Quizás todo esto le venga algo grande, pero su empeño con la misión y dedicación para llegar hasta el final es incuestionable, especialmente después de conocer a la agente doble Lorna Campbell (Natalie Imbruglia). Parece ser que lo de estar enamorado aún hará más emocionante esto de salvar al país.','N/A','188 minutos','https://www.youtube.com/embed/EG0MR5dFz7E','./posters/90.jpg'),(91,'Almost Famous',1,'Drama','Homenaje al rock de los 70. Gracias a sus buenas críticas musicales, un adolescente que aspira a ser periodista es contratado por la revista \'Rolling Stone\' para cubrir la gira de una famosa banda. A pesar de su juventud y de la oposición de su madre, el chico vivirá con los músicos y sus fans una aventura inolvidable. Basada en la propia experiencia de Crowe.','N/A','122 minutos','https://www.youtube.com/embed/aQXh_AaJXaM','./posters/91.jpg'),(92,'Escuela de Rock',1,'Comedia','Dewey Finn -Jack Black- es un guitarrista con delirios de grandeza que es expulsado de su banda. Desesperado por encontrar un trabajo ante su falta de dinero, suplanta la identidad de un profesor sustituto para dar clase en una escuela privada a los pequeños alumnos pre-adolescentes de 5o grado a los que intentará enseñarles el \'rock & roll de alto voltaje\'. Además entre sus alumnos está Yuki, un guitarrista prodigio de 9 años que puede ayudar a Dewey a ganar la competición de bandas de música... y de paso solucionar sus problemas económicos.','N/A','110 minutos','https://www.youtube.com/embed/TExoc0MG4I4','./posters/92.jpg'),(93,'Mi pobre angelito',1,'Familia','Kevin McAllister es un niño de ocho años, miembro de una familia numerosa, que accidentalmente se queda abandonado en su casa cuando toda la familia se marcha a pasar las vacaciones a Francia. Kevin aprende a valerse por sí mismo e incluso a protegerse de Harry y Marv, dos bribones que se proponen asaltar todas las casas cerradas de su vecindario. Cuando su madre Kate lo hecha en falta, realiza un pintoresco viaje de vuelta contra reloj a Chicago para recuperar a su hijo.','N/A','102 minutos','https://www.youtube.com/embed/jEDaVHmw7r4','./posters/93.jpg'),(94,'Aprendices fuera de línea',1,'Comedia','Cuando dos cuarentones vendedores de relojes son despedidos de sus respectivos trabajos, convencidos ambos de que no se han adaptado a los cambios de las nuevas tecnologías, deciden empezar de nuevo y buscar trabajo en la empresa más exitosa de Internet: Google. Finalmente consiguen un contrato de prácticas como becarios. La locura comienza cuando se ven compitiendo para conseguir el puesto con jóvenes veinteañeros, mucho más listos y más familiarizados con el mundo digital que ellos.','N/A','125 minutos','https://www.youtube.com/embed/tn02SPT6ivM','./posters/94.jpg'),(95,'Outsourced',2,'Comedia','Ambientada en el continente estadounidense, una empresa norteamericana que busca reducir los gastos, asciende a su mejor empleado del Call Center, poniéndolo a cargo del mismo. La única condición para dicho empleado, es viajar a la India, lugar en el mundo donde tercerizan el servicio ode atención al cliente, para abaratar costos. Allí, en la Ciudad de Bombay, los nativos le explican la cultura indú a los nóveles norteamericanos, y viceversa. Tendrán que convivir cada uno de los empleados de estos diferentes países, con sus pares y/o jefes opuestos en cultura.','1','N/A','https://www.youtube.com/embed/_wR3LhFlgGo','./posters/95.jpg'),(96,'Miedo Profundo',1,'Suspenso','Nancy, una estudiante de medicina apasionada del surfing, es una joven que trata de superar la pérdida de su madre. Un día, practicando surf en una solitaria playa mexicana se queda atrapada en un islote a sólo cien metros de la costa. El problema está en que un enorme tiburón blanco se interpone entre ella y la otra orilla.','N/A','86 minutos','https://www.youtube.com/embed/EgdxIlSuB70','./posters/96.jpg'),(99,'test seriesss',2,'test','test test test test test','3','N/A','https://www.youtube.com/watch?v=AlnHNi0hdO0','./posters/2.jpg');
/*!40000 ALTER TABLE `contenido` ENABLE KEYS */;
UNLOCK TABLES;

--
-- Table structure for table `contenido_actores`
--

DROP TABLE IF EXISTS `contenido_actores`;
/*!40101 SET @saved_cs_client     = @@character_set_client */;
/*!50503 SET character_set_client = utf8mb4 */;
CREATE TABLE `contenido_actores` (
  `contenido_id` bigint NOT NULL,
  `actor_id` bigint NOT NULL,
  PRIMARY KEY (`contenido_id`,`actor_id`),
  KEY `actor_id` (`actor_id`),
  CONSTRAINT `contenido_actores_ibfk_1` FOREIGN KEY (`contenido_id`) REFERENCES `contenido` (`id`),
  CONSTRAINT `contenido_actores_ibfk_2` FOREIGN KEY (`actor_id`) REFERENCES `actores` (`id`)
) ENGINE=InnoDB DEFAULT CHARSET=utf8mb3;
/*!40101 SET character_set_client = @saved_cs_client */;

--
-- Dumping data for table `contenido_actores`
--

LOCK TABLES `contenido_actores` WRITE;
/*!40000 ALTER TABLE `contenido_actores` DISABLE KEYS */;
INSERT INTO `contenido_actores` VALUES (64,1),(65,2),(41,3),(74,3),(83,4),(93,5),(30,6),(61,7),(13,8),(35,9),(37,10),(47,11),(65,12),(68,13),(74,14),(68,15),(68,16),(8,17),(47,18),(68,19),(10,20),(89,21),(65,22),(14,23),(17,24),(58,24),(42,25),(57,26),(61,27),(28,28),(66,28),(51,29),(21,30),(73,30),(68,31),(25,32),(29,33),(38,34),(48,35),(78,36),(7,37),(20,38),(36,39),(94,39),(54,40),(65,41),(24,42),(43,43),(50,44),(11,45),(7,46),(70,46),(10,47),(39,48),(71,49),(94,50),(40,51),(75,51),(45,52),(44,53),(81,54),(64,56),(68,57),(68,58),(60,59),(16,60),(68,61),(4,62),(5,63),(40,64),(52,65),(45,66),(56,67),(65,68),(58,69),(88,70),(20,71),(62,72),(28,73),(34,74),(43,75),(21,76),(47,77),(21,78),(42,78),(73,78),(3,79),(7,80),(23,81),(53,82),(1,83),(37,84),(44,85),(71,86),(68,87),(81,88),(22,89),(12,90),(30,91),(95,92),(57,93),(87,94),(57,95),(59,95),(76,96),(49,97),(42,98),(59,99),(85,100),(43,101),(12,102),(17,103),(58,103),(52,104),(51,105),(37,106),(86,106),(54,107),(83,108),(62,109),(63,109),(64,109),(75,110),(50,111),(52,112),(5,113),(68,113),(16,114),(68,115),(64,116),(3,117),(74,117),(75,118),(33,119),(56,120),(86,121),(79,122),(6,123),(51,124),(89,125),(76,126),(19,127),(41,128),(74,128),(52,129),(32,130),(42,131),(75,132),(52,133),(32,134),(22,135),(90,136),(49,137),(94,138),(68,139),(68,140),(81,141),(75,142),(68,143),(21,144),(73,144),(76,145),(4,146),(9,147),(68,148),(68,149),(72,150),(88,151),(79,152),(22,153),(92,153),(50,154),(24,155),(31,156),(33,157),(65,158),(2,159),(95,160),(36,161),(84,162),(13,163),(16,164),(1,165),(5,166),(83,167),(53,168),(78,169),(67,170),(68,171),(67,172),(1,173),(6,173),(81,174),(5,175),(62,175),(48,176),(84,177),(51,178),(14,179),(62,180),(92,181),(51,182),(39,183),(96,184),(86,185),(11,186),(54,186),(68,187),(48,188),(93,189),(50,190),(68,191),(47,193),(18,194),(90,194),(12,195),(86,196),(94,197),(94,198),(8,199),(85,200),(21,201),(73,201),(47,202),(95,203),(41,204),(56,205),(38,206),(38,207),(59,208),(66,208),(59,209),(11,210),(9,211),(93,212),(81,213),(31,214),(62,214),(43,215),(65,216),(24,217),(60,218),(60,219),(37,221),(22,222),(23,223),(60,224),(68,225),(66,226),(3,227),(80,228),(84,229),(80,230),(54,231),(61,232),(76,233),(92,234),(60,235),(70,236),(64,237),(25,238),(26,239),(38,240),(69,241),(46,242),(67,243),(82,244),(28,245),(71,246),(9,247),(87,248),(37,249),(68,250),(72,251),(62,252),(55,253),(68,254),(48,255),(85,256),(79,257),(58,258),(78,259),(85,259),(94,259),(75,260),(68,261),(91,262),(24,263),(52,264),(51,265),(82,266),(80,267),(35,268),(19,269),(81,270),(30,271),(28,272),(56,272),(93,273),(59,274),(82,274),(76,275),(86,276),(68,277),(68,278),(16,279),(65,279),(68,279),(36,280),(75,281),(50,282),(76,283),(90,284),(14,285),(69,286),(84,287),(15,288),(18,289),(4,290),(94,291),(1,292),(1,293),(68,293),(7,294),(14,295),(17,296),(52,297),(54,298),(83,299),(43,301),(27,302),(75,303),(32,304),(56,304),(70,304),(82,304),(32,305),(49,306),(93,307),(27,308),(46,310),(89,310),(90,311),(59,312),(48,313),(95,314),(68,315),(38,316),(70,316),(21,317),(75,318),(66,319),(50,320),(68,321),(25,322),(68,323),(68,324),(69,325),(8,326),(29,326),(70,326),(16,327),(27,328),(68,329),(64,330),(60,331),(55,332),(89,332),(64,333),(76,334),(9,335),(37,336),(78,337),(26,338),(26,339),(2,340),(68,341),(68,342),(80,343),(96,344),(44,345),(60,346),(91,346),(64,347),(67,348),(82,349),(55,350),(2,351),(12,352),(40,353),(19,354),(75,355),(16,356),(64,357),(62,358),(88,359),(42,361),(6,362),(41,362),(72,362),(34,363),(60,364),(83,365),(89,366),(21,367),(73,367),(37,368),(51,369),(16,370),(36,371),(39,372),(68,373),(18,374),(58,375),(5,376),(48,377),(43,378),(67,379),(68,380),(91,381),(15,383),(57,384),(6,385),(44,385),(36,386),(2,387),(80,388),(37,389),(89,390),(41,391),(49,392),(43,393),(41,394),(58,394),(75,394),(15,396),(52,396),(68,397),(34,398),(91,398),(68,399),(91,400),(63,401),(22,402),(60,403),(80,404),(48,405),(31,406),(84,407),(42,408),(23,409),(14,410),(80,411),(2,412),(21,413),(73,413),(84,414),(87,415),(13,416),(87,417),(68,418),(50,419),(64,420),(39,421),(93,422),(20,423),(82,423),(68,424),(68,425),(28,426),(49,427),(68,428),(75,429),(80,430),(54,431),(63,432),(21,433),(73,433),(47,434),(88,435),(71,436),(3,437),(63,438),(92,439),(74,440),(10,441),(80,442),(16,443),(94,444),(81,445),(64,446),(21,447),(47,448),(32,449),(68,449),(82,449),(12,450),(84,451),(35,452),(66,452),(68,453),(39,454),(91,455),(42,456),(94,457),(72,458),(57,459),(45,460),(41,461),(70,461),(68,462),(60,463),(33,465),(72,466),(67,467),(78,468),(64,469),(70,470),(4,471),(68,472),(64,473),(95,474),(68,475),(23,476),(49,476),(93,477),(2,478),(76,479),(6,480),(33,481),(39,482),(66,483),(21,484),(73,484),(65,486),(10,487),(68,488),(91,489),(76,490),(72,491),(43,492),(76,493),(65,494),(78,494),(79,494),(17,495),(71,496),(80,496),(59,497),(91,498),(78,499),(71,500),(39,501),(33,502),(94,503),(66,504),(25,505),(55,505),(68,506),(20,507),(20,508),(61,509),(14,510),(82,511),(44,512),(69,513),(87,514),(63,515),(57,516),(72,517),(16,518),(18,519),(23,519),(30,519),(82,520),(32,521),(42,522),(83,523),(38,524),(16,525),(66,526),(92,527),(34,528),(29,529),(50,530),(94,530),(24,531),(70,532),(74,533),(95,534),(59,535),(64,536),(52,537),(68,537),(65,538),(42,539),(31,540),(68,541),(68,542),(21,543),(73,543),(76,543),(10,544),(53,545),(9,546),(16,547),(56,548),(63,549),(63,550),(38,551),(19,552),(20,553),(68,554),(91,555),(34,556),(81,556),(92,557),(49,558),(55,559),(87,560),(29,562),(83,562),(67,563),(84,564),(33,565),(65,566),(94,567),(68,568),(59,569),(64,570),(68,571),(96,572),(59,573),(80,574),(76,575),(94,576),(16,577),(45,577),(46,577),(55,577),(63,578),(68,579),(93,580),(85,581),(23,582),(72,583),(45,584),(76,585),(44,586),(88,587),(27,588),(46,589),(44,590),(90,591),(7,592),(69,593),(41,594),(67,595),(40,596),(88,597),(1,598),(13,599),(78,600),(95,601),(11,602),(68,603),(16,604),(61,605),(93,606),(68,607),(56,608),(64,609),(71,610),(48,611),(55,612),(69,613),(50,614),(60,616),(78,617),(27,618),(82,619),(53,620),(63,621),(87,622),(68,623),(78,624),(24,625),(80,626),(96,627),(31,628),(28,629),(11,630),(66,631),(68,632),(60,633),(8,634),(9,635),(75,636),(15,637),(72,637),(29,638),(44,638),(79,639),(15,640),(96,641),(46,642),(41,643),(78,644),(82,645),(42,646),(65,647),(59,648),(60,648),(83,649),(85,650),(56,651),(31,652),(59,653),(38,654),(21,655),(73,655),(92,655),(12,656),(94,657),(10,659),(68,660),(94,661),(35,662),(86,664),(90,665),(87,666),(59,667),(96,668),(49,670),(21,671),(73,671),(66,672),(75,672),(58,673),(51,674),(35,675),(61,676),(68,677),(13,678),(59,679),(22,680),(39,681),(75,682),(89,683),(74,684),(44,685),(54,686),(94,687),(54,688),(18,689),(34,690),(68,691),(76,692),(68,693),(43,694),(59,696),(59,697),(67,698),(4,699),(68,700),(21,701),(73,701),(81,702),(46,703),(5,704),(19,705),(60,706),(66,707),(92,708),(53,709),(79,709),(51,710),(60,711),(27,712),(30,713),(74,713),(25,714),(75,714),(82,715),(95,716),(15,717),(85,718),(64,719),(16,720),(13,721),(17,722),(31,723),(60,724),(56,726),(95,727),(7,728),(96,728),(16,729),(96,730),(38,731),(94,731),(59,732),(69,733),(88,734),(96,735),(46,736),(61,737),(53,738),(66,739),(95,740),(36,741),(66,742),(72,743),(11,744),(70,745),(50,746),(48,747),(57,748),(58,748),(47,749),(71,750),(89,750),(88,751),(45,752),(69,753),(4,754),(6,755),(82,756),(60,757),(87,758),(29,759),(88,760),(29,761),(64,761),(59,762),(60,762),(83,763),(95,764),(19,765),(16,766),(3,767),(8,768),(44,769),(49,769),(94,770),(16,771),(53,772),(68,773),(80,774),(18,775),(58,776),(54,777),(47,778),(59,779),(16,780),(21,781),(73,781),(74,782),(90,783),(78,784),(78,785),(60,786),(66,787),(68,788),(16,789),(46,790),(53,791),(79,792),(35,793),(79,794),(94,795),(26,796),(90,797),(85,798),(16,799),(55,800),(94,801),(68,802),(46,803),(53,804),(30,805),(58,806),(80,806),(85,807),(92,808),(3,809),(66,810),(69,811),(89,812),(32,813),(11,814),(45,815),(8,816),(84,817),(25,818),(28,818),(30,818),(45,819),(55,820),(95,821),(75,822),(16,823),(68,823),(21,824),(73,824),(79,825),(62,826),(57,827),(57,828),(17,829),(68,829),(71,830),(36,831),(75,831),(72,832),(21,833),(73,833),(33,834),(80,835),(16,836),(90,837),(62,838),(95,839);
/*!40000 ALTER TABLE `contenido_actores` ENABLE KEYS */;
UNLOCK TABLES;

--
-- Table structure for table `contenido_generos`
--

DROP TABLE IF EXISTS `contenido_generos`;
/*!40101 SET @saved_cs_client     = @@character_set_client */;
/*!50503 SET character_set_client = utf8mb4 */;
CREATE TABLE `contenido_generos` (
  `contenido_id` bigint NOT NULL,
  `genero_id` bigint NOT NULL,
  PRIMARY KEY (`contenido_id`,`genero_id`),
  KEY `genero_id` (`genero_id`),
  CONSTRAINT `contenido_generos_ibfk_1` FOREIGN KEY (`contenido_id`) REFERENCES `contenido` (`id`),
  CONSTRAINT `contenido_generos_ibfk_2` FOREIGN KEY (`genero_id`) REFERENCES `generos` (`id`)
) ENGINE=InnoDB DEFAULT CHARSET=utf8mb3;
/*!40101 SET character_set_client = @saved_cs_client */;

--
-- Dumping data for table `contenido_generos`
--

LOCK TABLES `contenido_generos` WRITE;
/*!40000 ALTER TABLE `contenido_generos` DISABLE KEYS */;
INSERT INTO `contenido_generos` VALUES (28,1),(2,2),(5,2),(6,2),(11,2),(17,2),(19,2),(21,2),(32,2),(33,2),(73,2),(74,2),(80,3),(25,4),(36,4),(37,4),(38,4),(46,4),(53,4),(54,4),(55,4),(62,4),(67,4),(76,4),(79,4),(23,5),(27,5),(33,5),(47,5),(48,5),(49,5),(61,5),(87,5),(88,5),(96,5),(1,6),(2,6),(4,6),(5,6),(6,6),(9,6),(12,6),(13,6),(14,6),(15,6),(16,6),(17,6),(18,6),(25,6),(26,6),(28,6),(29,6),(30,6),(31,6),(33,6),(34,6),(36,6),(38,6),(39,6),(40,6),(43,6),(45,6),(46,6),(47,6),(48,6),(49,6),(51,6),(52,6),(53,6),(54,6),(55,6),(56,6),(57,6),(58,6),(62,6),(64,6),(65,6),(66,6),(67,6),(68,6),(69,6),(70,6),(71,6),(72,6),(75,6),(76,6),(79,6),(80,6),(87,6),(88,6),(89,6),(91,6),(96,6),(11,7),(12,7),(19,7),(21,7),(37,7),(42,7),(50,7),(63,7),(72,7),(73,7),(74,7),(78,7),(80,7),(85,7),(86,7),(90,7),(92,7),(93,7),(94,7),(95,7),(40,8),(41,8),(45,8),(56,8),(59,8),(60,8),(61,8),(64,8),(68,8),(70,8),(78,8),(17,9),(36,9),(37,9),(38,9),(3,10),(4,10),(9,10),(10,10),(11,10),(21,10),(23,10),(24,10),(35,10),(41,10),(64,10),(68,10),(73,10),(74,10),(85,11),(86,11),(12,12),(13,12),(42,12),(44,12),(50,12),(51,12),(78,12),(84,12),(85,12),(86,12),(90,12),(92,12),(93,12),(94,12),(95,12),(3,13),(4,13),(8,13),(10,13),(14,13),(16,13),(20,13),(22,13),(27,13),(30,13),(31,13),(35,13),(56,13),(64,13),(70,13),(81,13),(82,13),(22,14),(27,14),(13,15),(16,15),(7,16),(14,16),(18,16),(20,16),(22,16),(23,16),(26,16),(28,16),(31,16),(32,16),(39,16),(40,16),(44,16),(45,16),(47,16),(48,16),(49,16),(53,16),(54,16),(57,16),(58,16),(61,16),(65,16),(66,16),(69,16),(75,16),(81,16),(87,16),(88,16),(89,16),(96,16),(26,17),(5,18),(1,19),(15,19),(34,19),(46,19),(52,19),(53,19),(54,19),(55,19),(58,19),(62,19),(67,19),(76,19),(79,19),(91,19),(52,20),(55,20),(56,20),(57,20),(62,20),(70,20),(71,20),(80,20),(7,21),(66,21),(69,21),(75,21),(8,22),(9,22),(21,22),(24,22),(25,22),(29,22),(30,22),(32,22),(41,22),(42,22),(43,22),(59,22),(60,22),(72,22),(73,22),(74,22),(75,22),(78,22),(82,22),(83,22),(84,22),(85,22),(86,22),(89,22),(3,23),(8,23),(10,23),(18,23),(19,23),(20,23),(24,23),(27,23),(29,23),(35,23),(39,23),(41,23),(43,23),(65,23),(71,23),(72,23),(75,23),(78,23),(82,23),(83,23),(84,23),(90,23),(67,24),(79,24),(80,24),(91,24),(92,24),(93,24),(2,25),(6,25),(44,25),(57,25),(59,25),(60,25),(64,25),(66,25),(81,25),(89,25);
/*!40000 ALTER TABLE `contenido_generos` ENABLE KEYS */;
UNLOCK TABLES;

--
-- Table structure for table `generos`
--

DROP TABLE IF EXISTS `generos`;
/*!40101 SET @saved_cs_client     = @@character_set_client */;
/*!50503 SET character_set_client = utf8mb4 */;
CREATE TABLE `generos` (
  `id` bigint NOT NULL AUTO_INCREMENT,
  `nombre` varchar(100) NOT NULL,
  PRIMARY KEY (`id`)
) ENGINE=InnoDB AUTO_INCREMENT=27 DEFAULT CHARSET=utf8mb3;
/*!40101 SET character_set_client = @saved_cs_client */;

--
-- Dumping data for table `generos`
--

LOCK TABLES `generos` WRITE;
/*!40000 ALTER TABLE `generos` DISABLE KEYS */;
INSERT INTO `generos` VALUES (1,'¿Ficción?'),(2,'Ficción'),(3,'Musical'),(4,'Historia'),(5,'Terror'),(6,'Drama'),(7,'Comedia'),(8,'Ciencia ficción'),(9,'Tecnología'),(10,'Fantasía'),(11,'Animación'),(12,'Familia'),(13,'Sci-Fi'),(14,'Futurista'),(15,'Western'),(16,'Suspenso'),(17,'Intriga'),(18,'Sucesos'),(19,'Suceso Real'),(20,'Romance'),(21,'Crimen'),(22,'Aventura'),(23,'Acción'),(24,'Música'),(25,'Misterio'),(26,'Ciencia Ficción');
/*!40000 ALTER TABLE `generos` ENABLE KEYS */;
UNLOCK TABLES;
/*!40103 SET TIME_ZONE=@OLD_TIME_ZONE */;

/*!40101 SET SQL_MODE=@OLD_SQL_MODE */;
/*!40014 SET FOREIGN_KEY_CHECKS=@OLD_FOREIGN_KEY_CHECKS */;
/*!40014 SET UNIQUE_CHECKS=@OLD_UNIQUE_CHECKS */;
/*!40101 SET CHARACTER_SET_CLIENT=@OLD_CHARACTER_SET_CLIENT */;
/*!40101 SET CHARACTER_SET_RESULTS=@OLD_CHARACTER_SET_RESULTS */;
/*!40101 SET COLLATION_CONNECTION=@OLD_COLLATION_CONNECTION */;
/*!40111 SET SQL_NOTES=@OLD_SQL_NOTES */;

-- Dump completed on 2024-10-10 13:03:49
